Workbook

Sheet بيانات
A1: نظام إدارة اشتراكات — نادي RCS
A2: رقم الملف | B2: اللقب | C2: الاسم | D2: تاريخ الميلاد | E2: ذكر | F2: أنثى | G2: الجنس | H2: العمر | I2: A+ | J2: A- | K2: B+ | L2: B- | M2: O+ | N2: O- | O2: AB+ | P2: AB- | Q2: فصيلة الدم | R2: / | S2: OPOW | T2: DJS | U2: FCS | V2: RCS | W2: POLICE | X2: نوع الاشتراك | Y2: تاريخ آخر دفعة | Z2: تاريخ الانتهاء | AA2: مدفوع | AB2: لم يدفع | AC2: تأمين فقط | AD2: اشتراك 300 | AE2: حالة الدفع | AF2: رسوم الاشتراك | AG2: مصاريف التأمين | AH2: حقوق المركب | AI2: المبلغ الإجمالي | AJ2: حالة التجديد | AK2: الأحد والأربعاء | AL2: الاثنين والخميس | AM2: الثلاثاء والجمعة | AN2: كل الأيام | AO2: أيام السباحة | AP2: 09:00 10:00 | AQ2: 10:00 11:00 | AR2: 19:00 20:00 | AS2: 20:00 21:00 | AT2: التوقيت | AU2: عدد أشهر الاشتراك
A3: =IF(B3="","","RCS "&TEXT(ROW()-2,"000")) | G3: =IF(B3="","",IF(E3<>"","ذكر",IF(F3<>"","أنثى",""))) | H3: =IF(D3="","",DATEDIF(D3,TODAY(),"Y")) | Q3: =IF(B3="","",IF(I3<>"","A+",IF(J3<>"","A-",IF(K3<>"","B+",IF(L3<>"","B-",IF(M3<>"","O+",IF(N3<>"","O-",IF(O3<>"","AB+",IF(P3<>"","AB-","")))))))) | X3: =IF(B3="","",IF(R3<>"","/",IF(S3<>"","OPOW",IF(T3<>"","DJS",IF(U3<>"","FCS",IF(V3<>"","RCS",IF(W3<>"","POLICE",""))))))) | Z3: =IF(Y3="","",Y3+30) | AE3: =IF(B3="","",IF(AA3<>"","مدفوع",IF(AB3<>"","لم يدفع",IF(AC3<>"","تأمين فقط",IF(AD3<>"","اشتراك 300",""))))) | AF3: =IF(OR(AE3="لم يدفع",B3=""),"",IF(OR(AE3="تأمين فقط",X3="FCS",X3="RCS"),0,IF(OR(AE3="اشتراك 300",X3="POLICE",X3="OPOW",X3="DJS"),300,IF(H3<14,1300,1500)))) | AG3: =IF(OR(AE3="لم يدفع",B3=""),"",500) | AH3: =IF(OR(AE3="لم يدفع",AE3="تأمين فقط",AE3="اشتراك 300",X3="OPOW",X3="DJS",X3="FCS",X3="RCS",X3="POLICE",B3=""),"",1000) | AI3: =IF(AE3="لم يدفع","",IF(AF3="","",AF3+AG3)) | AJ3: =IF(B3="","",IF(AE3="لم يدفع","🔒 مجمدة",IF(Z3="","",IF(Z3<TODAY(),"⛔ منتهي - يتطلب تجديد",IF(Z3-5<=TODAY(),"⚠️ قريب الانتهاء","✅ ساري"))))) | AO3: =IF(B3="","",IF(AK3<>"","الأحد والأربعاء",IF(AL3<>"","الاثنين والخميس",IF(AM3<>"","الثلاثاء والجمعة",IF(AN3<>"","كل الأيام",""))))) | AT3: =IF(B3="","",IF(AP3<>"","09:00-10:00",IF(AQ3<>"","10:00-11:00",IF(AR3<>"","19:00-20:00",IF(AS3<>"","20:00-21:00",""))))) | AU3: =IF(B3="","",COUNTA(التجديد!E3:E3))
A4: =IF(B4="","","RCS "&TEXT(ROW()-2,"000")) | G4: =IF(B4="","",IF(E4<>"","ذكر",IF(F4<>"","أنثى",""))) | H4: =IF(D4="","",DATEDIF(D4,TODAY(),"Y")) | Q4: =IF(B4="","",IF(I4<>"","A+",IF(J4<>"","A-",IF(K4<>"","B+",IF(L4<>"","B-",IF(M4<>"","O+",IF(N4<>"","O-",IF(O4<>"","AB+",IF(P4<>"","AB-","")))))))) | X4: =IF(B4="","",IF(R4<>"","/",IF(S4<>"","OPOW",IF(T4<>"","DJS",IF(U4<>"","FCS",IF(V4<>"","RCS",IF(W4<>"","POLICE",""))))))) | Z4: =IF(Y4="","",Y4+30) | AE4: =IF(B4="","",IF(AA4<>"","مدفوع",IF(AB4<>"","لم يدفع",IF(AC4<>"","تأمين فقط",IF(AD4<>"","اشتراك 300",""))))) | AF4: =IF(OR(AE4="لم يدفع",B4=""),"",IF(OR(AE4="تأمين فقط",X4="FCS",X4="RCS"),0,IF(OR(AE4="اشتراك 300",X4="POLICE",X4="OPOW",X4="DJS"),300,IF(H4<14,1300,1500)))) | AG4: =IF(OR(AE4="لم يدفع",B4=""),"",500) | AH4: =IF(OR(AE4="لم يدفع",AE4="تأمين فقط",AE4="اشتراك 300",X4="OPOW",X4="DJS",X4="FCS",X4="RCS",X4="POLICE",B4=""),"",1000) | AI4: =IF(AE4="لم يدفع","",IF(AF4="","",AF4+AG4)) | AJ4: =IF(B4="","",IF(AE4="لم يدفع","🔒 مجمدة",IF(Z4="","",IF(Z4<TODAY(),"⛔ منتهي - يتطلب تجديد",IF(Z4-5<=TODAY(),"⚠️ قريب الانتهاء","✅ ساري"))))) | AO4: =IF(B4="","",IF(AK4<>"","الأحد والأربعاء",IF(AL4<>"","الاثنين والخميس",IF(AM4<>"","الثلاثاء والجمعة",IF(AN4<>"","كل الأيام",""))))) | AT4: =IF(B4="","",IF(AP4<>"","09:00-10:00",IF(AQ4<>"","10:00-11:00",IF(AR4<>"","19:00-20:00",IF(AS4<>"","20:00-21:00",""))))) | AU4: =IF(B4="","",COUNTA(التجديد!E4:E4))
A5: =IF(B5="","","RCS "&TEXT(ROW()-2,"000")) | G5: =IF(B5="","",IF(E5<>"","ذكر",IF(F5<>"","أنثى",""))) | H5: =IF(D5="","",DATEDIF(D5,TODAY(),"Y")) | Q5: =IF(B5="","",IF(I5<>"","A+",IF(J5<>"","A-",IF(K5<>"","B+",IF(L5<>"","B-",IF(M5<>"","O+",IF(N5<>"","O-",IF(O5<>"","AB+",IF(P5<>"","AB-","")))))))) | X5: =IF(B5="","",IF(R5<>"","/",IF(S5<>"","OPOW",IF(T5<>"","DJS",IF(U5<>"","FCS",IF(V5<>"","RCS",IF(W5<>"","POLICE",""))))))) | Z5: =IF(Y5="","",Y5+30) | AE5: =IF(B5="","",IF(AA5<>"","مدفوع",IF(AB5<>"","لم يدفع",IF(AC5<>"","تأمين فقط",IF(AD5<>"","اشتراك 300",""))))) | AF5: =IF(OR(AE5="لم يدفع",B5=""),"",IF(OR(AE5="تأمين فقط",X5="FCS",X5="RCS"),0,IF(OR(AE5="اشتراك 300",X5="POLICE",X5="OPOW",X5="DJS"),300,IF(H5<14,1300,1500)))) | AG5: =IF(OR(AE5="لم يدفع",B5=""),"",500) | AH5: =IF(OR(AE5="لم يدفع",AE5="تأمين فقط",AE5="اشتراك 300",X5="OPOW",X5="DJS",X5="FCS",X5="RCS",X5="POLICE",B5=""),"",1000) | AI5: =IF(AE5="لم يدفع","",IF(AF5="","",AF5+AG5)) | AJ5: =IF(B5="","",IF(AE5="لم يدفع","🔒 مجمدة",IF(Z5="","",IF(Z5<TODAY(),"⛔ منتهي - يتطلب تجديد",IF(Z5-5<=TODAY(),"⚠️ قريب الانتهاء","✅ ساري"))))) | AO5: =IF(B5="","",IF(AK5<>"","الأحد والأربعاء",IF(AL5<>"","الاثنين والخميس",IF(AM5<>"","الثلاثاء والجمعة",IF(AN5<>"","كل الأيام",""))))) | AT5: =IF(B5="","",IF(AP5<>"","09:00-10:00",IF(AQ5<>"","10:00-11:00",IF(AR5<>"","19:00-20:00",IF(AS5<>"","20:00-21:00",""))))) | AU5: =IF(B5="","",COUNTA(التجديد!E5:E5))
A6: =IF(B6="","","RCS "&TEXT(ROW()-2,"000")) | G6: =IF(B6="","",IF(E6<>"","ذكر",IF(F6<>"","أنثى",""))) | H6: =IF(D6="","",DATEDIF(D6,TODAY(),"Y")) | Q6: =IF(B6="","",IF(I6<>"","A+",IF(J6<>"","A-",IF(K6<>"","B+",IF(L6<>"","B-",IF(M6<>"","O+",IF(N6<>"","O-",IF(O6<>"","AB+",IF(P6<>"","AB-","")))))))) | X6: =IF(B6="","",IF(R6<>"","/",IF(S6<>"","OPOW",IF(T6<>"","DJS",IF(U6<>"","FCS",IF(V6<>"","RCS",IF(W6<>"","POLICE",""))))))) | Z6: =IF(Y6="","",Y6+30) | AE6: =IF(B6="","",IF(AA6<>"","مدفوع",IF(AB6<>"","لم يدفع",IF(AC6<>"","تأمين فقط",IF(AD6<>"","اشتراك 300",""))))) | AF6: =IF(OR(AE6="لم يدفع",B6=""),"",IF(OR(AE6="تأمين فقط",X6="FCS",X6="RCS"),0,IF(OR(AE6="اشتراك 300",X6="POLICE",X6="OPOW",X6="DJS"),300,IF(H6<14,1300,1500)))) | AG6: =IF(OR(AE6="لم يدفع",B6=""),"",500) | AH6: =IF(OR(AE6="لم يدفع",AE6="تأمين فقط",AE6="اشتراك 300",X6="OPOW",X6="DJS",X6="FCS",X6="RCS",X6="POLICE",B6=""),"",1000) | AI6: =IF(AE6="لم يدفع","",IF(AF6="","",AF6+AG6)) | AJ6: =IF(B6="","",IF(AE6="لم يدفع","🔒 مجمدة",IF(Z6="","",IF(Z6<TODAY(),"⛔ منتهي - يتطلب تجديد",IF(Z6-5<=TODAY(),"⚠️ قريب الانتهاء","✅ ساري"))))) | AO6: =IF(B6="","",IF(AK6<>"","الأحد والأربعاء",IF(AL6<>"","الاثنين والخميس",IF(AM6<>"","الثلاثاء والجمعة",IF(AN6<>"","كل الأيام",""))))) | AT6: =IF(B6="","",IF(AP6<>"","09:00-10:00",IF(AQ6<>"","10:00-11:00",IF(AR6<>"","19:00-20:00",IF(AS6<>"","20:00-21:00",""))))) | AU6: =IF(B6="","",COUNTA(التجديد!E6:E6))
A7: =IF(B7="","","RCS "&TEXT(ROW()-2,"000")) | G7: =IF(B7="","",IF(E7<>"","ذكر",IF(F7<>"","أنثى",""))) | H7: =IF(D7="","",DATEDIF(D7,TODAY(),"Y")) | Q7: =IF(B7="","",IF(I7<>"","A+",IF(J7<>"","A-",IF(K7<>"","B+",IF(L7<>"","B-",IF(M7<>"","O+",IF(N7<>"","O-",IF(O7<>"","AB+",IF(P7<>"","AB-","")))))))) | X7: =IF(B7="","",IF(R7<>"","/",IF(S7<>"","OPOW",IF(T7<>"","DJS",IF(U7<>"","FCS",IF(V7<>"","RCS",IF(W7<>"","POLICE",""))))))) | Z7: =IF(Y7="","",Y7+30) | AE7: =IF(B7="","",IF(AA7<>"","مدفوع",IF(AB7<>"","لم يدفع",IF(AC7<>"","تأمين فقط",IF(AD7<>"","اشتراك 300",""))))) | AF7: =IF(OR(AE7="لم يدفع",B7=""),"",IF(OR(AE7="تأمين فقط",X7="FCS",X7="RCS"),0,IF(OR(AE7="اشتراك 300",X7="POLICE",X7="OPOW",X7="DJS"),300,IF(H7<14,1300,1500)))) | AG7: =IF(OR(AE7="لم يدفع",B7=""),"",500) | AH7: =IF(OR(AE7="لم يدفع",AE7="تأمين فقط",AE7="اشتراك 300",X7="OPOW",X7="DJS",X7="FCS",X7="RCS",X7="POLICE",B7=""),"",1000) | AI7: =IF(AE7="لم يدفع","",IF(AF7="","",AF7+AG7)) | AJ7: =IF(B7="","",IF(AE7="لم يدفع","🔒 مجمدة",IF(Z7="","",IF(Z7<TODAY(),"⛔ منتهي - يتطلب تجديد",IF(Z7-5<=TODAY(),"⚠️ قريب الانتهاء","✅ ساري"))))) | AO7: =IF(B7="","",IF(AK7<>"","الأحد والأربعاء",IF(AL7<>"","الاثنين والخميس",IF(AM7<>"","الثلاثاء والجمعة",IF(AN7<>"","كل الأيام",""))))) | AT7: =IF(B7="","",IF(AP7<>"","09:00-10:00",IF(AQ7<>"","10:00-11:00",IF(AR7<>"","19:00-20:00",IF(AS7<>"","20:00-21:00",""))))) | AU7: =IF(B7="","",COUNTA(التجديد!E7:E7))
A8: =IF(B8="","","RCS "&TEXT(ROW()-2,"000")) | G8: =IF(B8="","",IF(E8<>"","ذكر",IF(F8<>"","أنثى",""))) | H8: =IF(D8="","",DATEDIF(D8,TODAY(),"Y")) | Q8: =IF(B8="","",IF(I8<>"","A+",IF(J8<>"","A-",IF(K8<>"","B+",IF(L8<>"","B-",IF(M8<>"","O+",IF(N8<>"","O-",IF(O8<>"","AB+",IF(P8<>"","AB-","")))))))) | X8: =IF(B8="","",IF(R8<>"","/",IF(S8<>"","OPOW",IF(T8<>"","DJS",IF(U8<>"","FCS",IF(V8<>"","RCS",IF(W8<>"","POLICE",""))))))) | Z8: =IF(Y8="","",Y8+30) | AE8: =IF(B8="","",IF(AA8<>"","مدفوع",IF(AB8<>"","لم يدفع",IF(AC8<>"","تأمين فقط",IF(AD8<>"","اشتراك 300",""))))) | AF8: =IF(OR(AE8="لم يدفع",B8=""),"",IF(OR(AE8="تأمين فقط",X8="FCS",X8="RCS"),0,IF(OR(AE8="اشتراك 300",X8="POLICE",X8="OPOW",X8="DJS"),300,IF(H8<14,1300,1500)))) | AG8: =IF(OR(AE8="لم يدفع",B8=""),"",500) | AH8: =IF(OR(AE8="لم يدفع",AE8="تأمين فقط",AE8="اشتراك 300",X8="OPOW",X8="DJS",X8="FCS",X8="RCS",X8="POLICE",B8=""),"",1000) | AI8: =IF(AE8="لم يدفع","",IF(AF8="","",AF8+AG8)) | AJ8: =IF(B8="","",IF(AE8="لم يدفع","🔒 مجمدة",IF(Z8="","",IF(Z8<TODAY(),"⛔ منتهي - يتطلب تجديد",IF(Z8-5<=TODAY(),"⚠️ قريب الانتهاء","✅ ساري"))))) | AO8: =IF(B8="","",IF(AK8<>"","الأحد والأربعاء",IF(AL8<>"","الاثنين والخميس",IF(AM8<>"","الثلاثاء والجمعة",IF(AN8<>"","كل الأيام",""))))) | AT8: =IF(B8="","",IF(AP8<>"","09:00-10:00",IF(AQ8<>"","10:00-11:00",IF(AR8<>"","19:00-20:00",IF(AS8<>"","20:00-21:00",""))))) | AU8: =IF(B8="","",COUNTA(التجديد!E8:E8))
A9: =IF(B9="","","RCS "&TEXT(ROW()-2,"000")) | G9: =IF(B9="","",IF(E9<>"","ذكر",IF(F9<>"","أنثى",""))) | H9: =IF(D9="","",DATEDIF(D9,TODAY(),"Y")) | Q9: =IF(B9="","",IF(I9<>"","A+",IF(J9<>"","A-",IF(K9<>"","B+",IF(L9<>"","B-",IF(M9<>"","O+",IF(N9<>"","O-",IF(O9<>"","AB+",IF(P9<>"","AB-","")))))))) | X9: =IF(B9="","",IF(R9<>"","/",IF(S9<>"","OPOW",IF(T9<>"","DJS",IF(U9<>"","FCS",IF(V9<>"","RCS",IF(W9<>"","POLICE",""))))))) | Z9: =IF(Y9="","",Y9+30) | AE9: =IF(B9="","",IF(AA9<>"","مدفوع",IF(AB9<>"","لم يدفع",IF(AC9<>"","تأمين فقط",IF(AD9<>"","اشتراك 300",""))))) | AF9: =IF(OR(AE9="لم يدفع",B9=""),"",IF(OR(AE9="تأمين فقط",X9="FCS",X9="RCS"),0,IF(OR(AE9="اشتراك 300",X9="POLICE",X9="OPOW",X9="DJS"),300,IF(H9<14,1300,1500)))) | AG9: =IF(OR(AE9="لم يدفع",B9=""),"",500) | AH9: =IF(OR(AE9="لم يدفع",AE9="تأمين فقط",AE9="اشتراك 300",X9="OPOW",X9="DJS",X9="FCS",X9="RCS",X9="POLICE",B9=""),"",1000) | AI9: =IF(AE9="لم يدفع","",IF(AF9="","",AF9+AG9)) | AJ9: =IF(B9="","",IF(AE9="لم يدفع","🔒 مجمدة",IF(Z9="","",IF(Z9<TODAY(),"⛔ منتهي - يتطلب تجديد",IF(Z9-5<=TODAY(),"⚠️ قريب الانتهاء","✅ ساري"))))) | AO9: =IF(B9="","",IF(AK9<>"","الأحد والأربعاء",IF(AL9<>"","الاثنين والخميس",IF(AM9<>"","الثلاثاء والجمعة",IF(AN9<>"","كل الأيام",""))))) | AT9: =IF(B9="","",IF(AP9<>"","09:00-10:00",IF(AQ9<>"","10:00-11:00",IF(AR9<>"","19:00-20:00",IF(AS9<>"","20:00-21:00",""))))) | AU9: =IF(B9="","",COUNTA(التجديد!E9:E9))
A10: =IF(B10="","","RCS "&TEXT(ROW()-2,"000")) | G10: =IF(B10="","",IF(E10<>"","ذكر",IF(F10<>"","أنثى",""))) | H10: =IF(D10="","",DATEDIF(D10,TODAY(),"Y")) | Q10: =IF(B10="","",IF(I10<>"","A+",IF(J10<>"","A-",IF(K10<>"","B+",IF(L10<>"","B-",IF(M10<>"","O+",IF(N10<>"","O-",IF(O10<>"","AB+",IF(P10<>"","AB-","")))))))) | X10: =IF(B10="","",IF(R10<>"","/",IF(S10<>"","OPOW",IF(T10<>"","DJS",IF(U10<>"","FCS",IF(V10<>"","RCS",IF(W10<>"","POLICE",""))))))) | Z10: =IF(Y10="","",Y10+30) | AE10: =IF(B10="","",IF(AA10<>"","مدفوع",IF(AB10<>"","لم يدفع",IF(AC10<>"","تأمين فقط",IF(AD10<>"","اشتراك 300",""))))) | AF10: =IF(OR(AE10="لم يدفع",B10=""),"",IF(OR(AE10="تأمين فقط",X10="FCS",X10="RCS"),0,IF(OR(AE10="اشتراك 300",X10="POLICE",X10="OPOW",X10="DJS"),300,IF(H10<14,1300,1500)))) | AG10: =IF(OR(AE10="لم يدفع",B10=""),"",500) | AH10: =IF(OR(AE10="لم يدفع",AE10="تأمين فقط",AE10="اشتراك 300",X10="OPOW",X10="DJS",X10="FCS",X10="RCS",X10="POLICE",B10=""),"",1000) | AI10: =IF(AE10="لم يدفع","",IF(AF10="","",AF10+AG10)) | AJ10: =IF(B10="","",IF(AE10="لم يدفع","🔒 مجمدة",IF(Z10="","",IF(Z10<TODAY(),"⛔ منتهي - يتطلب تجديد",IF(Z10-5<=TODAY(),"⚠️ قريب الانتهاء","✅ ساري"))))) | AO10: =IF(B10="","",IF(AK10<>"","الأحد والأربعاء",IF(AL10<>"","الاثنين والخميس",IF(AM10<>"","الثلاثاء والجمعة",IF(AN10<>"","كل الأيام",""))))) | AT10: =IF(B10="","",IF(AP10<>"","09:00-10:00",IF(AQ10<>"","10:00-11:00",IF(AR10<>"","19:00-20:00",IF(AS10<>"","20:00-21:00",""))))) | AU10: =IF(B10="","",COUNTA(التجديد!E10:E10))
A11: =IF(B11="","","RCS "&TEXT(ROW()-2,"000")) | G11: =IF(B11="","",IF(E11<>"","ذكر",IF(F11<>"","أنثى",""))) | H11: =IF(D11="","",DATEDIF(D11,TODAY(),"Y")) | Q11: =IF(B11="","",IF(I11<>"","A+",IF(J11<>"","A-",IF(K11<>"","B+",IF(L11<>"","B-",IF(M11<>"","O+",IF(N11<>"","O-",IF(O11<>"","AB+",IF(P11<>"","AB-","")))))))) | X11: =IF(B11="","",IF(R11<>"","/",IF(S11<>"","OPOW",IF(T11<>"","DJS",IF(U11<>"","FCS",IF(V11<>"","RCS",IF(W11<>"","POLICE",""))))))) | Z11: =IF(Y11="","",Y11+30) | AE11: =IF(B11="","",IF(AA11<>"","مدفوع",IF(AB11<>"","لم يدفع",IF(AC11<>"","تأمين فقط",IF(AD11<>"","اشتراك 300",""))))) | AF11: =IF(OR(AE11="لم يدفع",B11=""),"",IF(OR(AE11="تأمين فقط",X11="FCS",X11="RCS"),0,IF(OR(AE11="اشتراك 300",X11="POLICE",X11="OPOW",X11="DJS"),300,IF(H11<14,1300,1500)))) | AG11: =IF(OR(AE11="لم يدفع",B11=""),"",500) | AH11: =IF(OR(AE11="لم يدفع",AE11="تأمين فقط",AE11="اشتراك 300",X11="OPOW",X11="DJS",X11="FCS",X11="RCS",X11="POLICE",B11=""),"",1000) | AI11: =IF(AE11="لم يدفع","",IF(AF11="","",AF11+AG11)) | AJ11: =IF(B11="","",IF(AE11="لم يدفع","🔒 مجمدة",IF(Z11="","",IF(Z11<TODAY(),"⛔ منتهي - يتطلب تجديد",IF(Z11-5<=TODAY(),"⚠️ قريب الانتهاء","✅ ساري"))))) | AO11: =IF(B11="","",IF(AK11<>"","الأحد والأربعاء",IF(AL11<>"","الاثنين والخميس",IF(AM11<>"","الثلاثاء والجمعة",IF(AN11<>"","كل الأيام",""))))) | AT11: =IF(B11="","",IF(AP11<>"","09:00-10:00",IF(AQ11<>"","10:00-11:00",IF(AR11<>"","19:00-20:00",IF(AS11<>"","20:00-21:00",""))))) | AU11: =IF(B11="","",COUNTA(التجديد!E11:E11))
A12: =IF(B12="","","RCS "&TEXT(ROW()-2,"000")) | G12: =IF(B12="","",IF(E12<>"","ذكر",IF(F12<>"","أنثى",""))) | H12: =IF(D12="","",DATEDIF(D12,TODAY(),"Y")) | Q12: =IF(B12="","",IF(I12<>"","A+",IF(J12<>"","A-",IF(K12<>"","B+",IF(L12<>"","B-",IF(M12<>"","O+",IF(N12<>"","O-",IF(O12<>"","AB+",IF(P12<>"","AB-","")))))))) | X12: =IF(B12="","",IF(R12<>"","/",IF(S12<>"","OPOW",IF(T12<>"","DJS",IF(U12<>"","FCS",IF(V12<>"","RCS",IF(W12<>"","POLICE",""))))))) | Z12: =IF(Y12="","",Y12+30) | AE12: =IF(B12="","",IF(AA12<>"","مدفوع",IF(AB12<>"","لم يدفع",IF(AC12<>"","تأمين فقط",IF(AD12<>"","اشتراك 300",""))))) | AF12: =IF(OR(AE12="لم يدفع",B12=""),"",IF(OR(AE12="تأمين فقط",X12="FCS",X12="RCS"),0,IF(OR(AE12="اشتراك 300",X12="POLICE",X12="OPOW",X12="DJS"),300,IF(H12<14,1300,1500)))) | AG12: =IF(OR(AE12="لم يدفع",B12=""),"",500) | AH12: =IF(OR(AE12="لم يدفع",AE12="تأمين فقط",AE12="اشتراك 300",X12="OPOW",X12="DJS",X12="FCS",X12="RCS",X12="POLICE",B12=""),"",1000) | AI12: =IF(AE12="لم يدفع","",IF(AF12="","",AF12+AG12)) | AJ12: =IF(B12="","",IF(AE12="لم يدفع","🔒 مجمدة",IF(Z12="","",IF(Z12<TODAY(),"⛔ منتهي - يتطلب تجديد",IF(Z12-5<=TODAY(),"⚠️ قريب الانتهاء","✅ ساري"))))) | AO12: =IF(B12="","",IF(AK12<>"","الأحد والأربعاء",IF(AL12<>"","الاثنين والخميس",IF(AM12<>"","الثلاثاء والجمعة",IF(AN12<>"","كل الأيام",""))))) | AT12: =IF(B12="","",IF(AP12<>"","09:00-10:00",IF(AQ12<>"","10:00-11:00",IF(AR12<>"","19:00-20:00",IF(AS12<>"","20:00-21:00",""))))) | AU12: =IF(B12="","",COUNTA(التجديد!E12:E12))
A13: =IF(B13="","","RCS "&TEXT(ROW()-2,"000")) | G13: =IF(B13="","",IF(E13<>"","ذكر",IF(F13<>"","أنثى",""))) | H13: =IF(D13="","",DATEDIF(D13,TODAY(),"Y")) | Q13: =IF(B13="","",IF(I13<>"","A+",IF(J13<>"","A-",IF(K13<>"","B+",IF(L13<>"","B-",IF(M13<>"","O+",IF(N13<>"","O-",IF(O13<>"","AB+",IF(P13<>"","AB-","")))))))) | X13: =IF(B13="","",IF(R13<>"","/",IF(S13<>"","OPOW",IF(T13<>"","DJS",IF(U13<>"","FCS",IF(V13<>"","RCS",IF(W13<>"","POLICE",""))))))) | Z13: =IF(Y13="","",Y13+30) | AE13: =IF(B13="","",IF(AA13<>"","مدفوع",IF(AB13<>"","لم يدفع",IF(AC13<>"","تأمين فقط",IF(AD13<>"","اشتراك 300",""))))) | AF13: =IF(OR(AE13="لم يدفع",B13=""),"",IF(OR(AE13="تأمين فقط",X13="FCS",X13="RCS"),0,IF(OR(AE13="اشتراك 300",X13="POLICE",X13="OPOW",X13="DJS"),300,IF(H13<14,1300,1500)))) | AG13: =IF(OR(AE13="لم يدفع",B13=""),"",500) | AH13: =IF(OR(AE13="لم يدفع",AE13="تأمين فقط",AE13="اشتراك 300",X13="OPOW",X13="DJS",X13="FCS",X13="RCS",X13="POLICE",B13=""),"",1000) | AI13: =IF(AE13="لم يدفع","",IF(AF13="","",AF13+AG13)) | AJ13: =IF(B13="","",IF(AE13="لم يدفع","🔒 مجمدة",IF(Z13="","",IF(Z13<TODAY(),"⛔ منتهي - يتطلب تجديد",IF(Z13-5<=TODAY(),"⚠️ قريب الانتهاء","✅ ساري"))))) | AO13: =IF(B13="","",IF(AK13<>"","الأحد والأربعاء",IF(AL13<>"","الاثنين والخميس",IF(AM13<>"","الثلاثاء والجمعة",IF(AN13<>"","كل الأيام",""))))) | AT13: =IF(B13="","",IF(AP13<>"","09:00-10:00",IF(AQ13<>"","10:00-11:00",IF(AR13<>"","19:00-20:00",IF(AS13<>"","20:00-21:00",""))))) | AU13: =IF(B13="","",COUNTA(التجديد!E13:E13))
A14: =IF(B14="","","RCS "&TEXT(ROW()-2,"000")) | G14: =IF(B14="","",IF(E14<>"","ذكر",IF(F14<>"","أنثى",""))) | H14: =IF(D14="","",DATEDIF(D14,TODAY(),"Y")) | Q14: =IF(B14="","",IF(I14<>"","A+",IF(J14<>"","A-",IF(K14<>"","B+",IF(L14<>"","B-",IF(M14<>"","O+",IF(N14<>"","O-",IF(O14<>"","AB+",IF(P14<>"","AB-","")))))))) | X14: =IF(B14="","",IF(R14<>"","/",IF(S14<>"","OPOW",IF(T14<>"","DJS",IF(U14<>"","FCS",IF(V14<>"","RCS",IF(W14<>"","POLICE",""))))))) | Z14: =IF(Y14="","",Y14+30) | AE14: =IF(B14="","",IF(AA14<>"","مدفوع",IF(AB14<>"","لم يدفع",IF(AC14<>"","تأمين فقط",IF(AD14<>"","اشتراك 300",""))))) | AF14: =IF(OR(AE14="لم يدفع",B14=""),"",IF(OR(AE14="تأمين فقط",X14="FCS",X14="RCS"),0,IF(OR(AE14="اشتراك 300",X14="POLICE",X14="OPOW",X14="DJS"),300,IF(H14<14,1300,1500)))) | AG14: =IF(OR(AE14="لم يدفع",B14=""),"",500) | AH14: =IF(OR(AE14="لم يدفع",AE14="تأمين فقط",AE14="اشتراك 300",X14="OPOW",X14="DJS",X14="FCS",X14="RCS",X14="POLICE",B14=""),"",1000) | AI14: =IF(AE14="لم يدفع","",IF(AF14="","",AF14+AG14)) | AJ14: =IF(B14="","",IF(AE14="لم يدفع","🔒 مجمدة",IF(Z14="","",IF(Z14<TODAY(),"⛔ منتهي - يتطلب تجديد",IF(Z14-5<=TODAY(),"⚠️ قريب الانتهاء","✅ ساري"))))) | AO14: =IF(B14="","",IF(AK14<>"","الأحد والأربعاء",IF(AL14<>"","الاثنين والخميس",IF(AM14<>"","الثلاثاء والجمعة",IF(AN14<>"","كل الأيام",""))))) | AT14: =IF(B14="","",IF(AP14<>"","09:00-10:00",IF(AQ14<>"","10:00-11:00",IF(AR14<>"","19:00-20:00",IF(AS14<>"","20:00-21:00",""))))) | AU14: =IF(B14="","",COUNTA(التجديد!E14:E14))
... A202: =IF(B202="","","RCS "&TEXT(ROW()-2,"000")) | G202: =IF(B202="","",IF(E202<>"","ذكر",IF(F202<>"","أنثى",""))) | H202: =IF(D202="","",DATEDIF(D202,TODAY(),"Y")) | Q202: =IF(B202="","",IF(I202<>"","A+",IF(J202<>"","A-",IF(K202<>"","B+",IF(L202<>"","B-",IF(M202<>"","O+",IF(N202<>"","O-",IF(O202<>"","AB+",IF(P202<>"","AB-","")))))))) | X202: =IF(B202="","",IF(R202<>"","/",IF(S202<>"","OPOW",IF(T202<>"","DJS",IF(U202<>"","FCS",IF(V202<>"","RCS",IF(W202<>"","POLICE",""))))))) | Z202: =IF(Y202="","",Y202+30) | AE202: =IF(B202="","",IF(AA202<>"","مدفوع",IF(AB202<>"","لم يدفع",IF(AC202<>"","تأمين فقط",IF(AD202<>"","اشتراك 300",""))))) | AF202: =IF(OR(AE202="لم يدفع",B202=""),"",IF(OR(AE202="تأمين فقط",X202="FCS",X202="RCS"),0,IF(OR(AE202="اشتراك 300",X202="POLICE",X202="OPOW",X202="DJS"),300,IF(H202<14,1300,1500)))) | AG202: =IF(OR(AE202="لم يدفع",B202=""),"",500) | AH202: =IF(OR(AE202="لم يدفع",AE202="تأمين فقط",AE202="اشتراك 300",X202="OPOW",X202="DJS",X202="FCS",X202="RCS",X202="POLICE",B202=""),"",1000) | AI202: =IF(AE202="لم يدفع","",IF(AF202="","",AF202+AG202)) | AJ202: =IF(B202="","",IF(AE202="لم يدفع","🔒 مجمدة",IF(Z202="","",IF(Z202<TODAY(),"⛔ منتهي - يتطلب تجديد",IF(Z202-5<=TODAY(),"⚠️ قريب الانتهاء","✅ ساري"))))) | AO202: =IF(B202="","",IF(AK202<>"","الأحد والأربعاء",IF(AL202<>"","الاثنين والخميس",IF(AM202<>"","الثلاثاء والجمعة",IF(AN202<>"","كل الأيام",""))))) | AT202: =IF(B202="","",IF(AP202<>"","09:00-10:00",IF(AQ202<>"","10:00-11:00",IF(AR202<>"","19:00-20:00",IF(AS202<>"","20:00-21:00",""))))) | AU202: =IF(B202="","",COUNTA(التجديد!E202:E202))

Sheet لوحة_التحكم
A1: 📊 لوحة التحكم — إحصائيات الاشتراكات — نادي RCS
B3: 💰 الإحصائيات المالية | E3: 👥 إحصائيات المنخرطين | H3: 📋 فئات الاشتراك | K3: 🔄 حالة التجديد
B4: إجمالي رسوم الاشتراك | C4: =SUMIFS(بيانات!AF3:AF202,بيانات!AE3:AE202,"<>لم يدفع",بيانات!B3:B202,"<>") | E4: إجمالي المنخرطين | F4: =COUNTA(بيانات!B3:B202) | H4: اشتراك عادي (/) | I4: =COUNTIF(بيانات!X3:X202,"/") | K4: ✅ سارية | L4: =COUNTIF(بيانات!AJ3:AJ202,"*ساري*")
B5: إجمالي مصاريف التأمين | C5: =SUMIFS(بيانات!AG3:AG202,بيانات!AE3:AE202,"<>لم يدفع",بيانات!B3:B202,"<>") | E5: ✅ مدفوع | F5: =COUNTIF(بيانات!AE3:AE202,"مدفوع") | H5: OPOW | I5: =COUNTIF(بيانات!X3:X202,"OPOW") | K5: ⚠️ قريبة الانتهاء | L5: =COUNTIF(بيانات!AJ3:AJ202,"*قريب*")
B6: حقوق المركب (مستثناة) | C6: =SUMIFS(بيانات!AH3:AH202,بيانات!AE3:AE202,"<>لم يدفع",بيانات!B3:B202,"<>") | E6: ❌ لم يدفع | F6: =COUNTIF(بيانات!AE3:AE202,"لم يدفع") | H6: DJS | I6: =COUNTIF(بيانات!X3:X202,"DJS") | K6: ⛔ منتهية | L6: =COUNTIF(بيانات!AJ3:AJ202,"*منتهي*")
B7: الإيرادات (رسوم + تأمين) | C7: =C4+C5 | E7: 🔵 تأمين فقط | F7: =COUNTIF(بيانات!AE3:AE202,"تأمين فقط") | H7: FCS | I7: =COUNTIF(بيانات!X3:X202,"FCS") | K7: 🔒 مجمدة | L7: =COUNTIF(بيانات!AJ3:AJ202,"*مجمدة*")
B8: اشتراكات عادية (1300) | C8: =SUMIFS(بيانات!AI3:AI202,بيانات!AF3:AF202,1300,بيانات!AE3:AE202,"<>لم يدفع") | E8: 🟠 اشتراك 300 | F8: =COUNTIF(بيانات!AE3:AE202,"اشتراك 300") | H8: RCS | I8: =COUNTIF(بيانات!X3:X202,"RCS")
B9: اشتراكات عادية (1500) | C9: =SUMIFS(بيانات!AI3:AI202,بيانات!AF3:AF202,1500,بيانات!AE3:AE202,"<>لم يدفع") | E9: كبار (14+) | F9: =COUNTIFS(بيانات!H3:H202,">=14",بيانات!B3:B202,"<>") | H9: POLICE | I9: =COUNTIF(بيانات!X3:X202,"POLICE")
B10: إيرادات OPOW/DJS | C10: =SUMIFS(بيانات!AI3:AI202,بيانات!X3:X202,"OPOW",بيانات!AE3:AE202,"<>لم يدفع")+SUMIFS(بيانات!AI3:AI202,بيانات!X3:X202,"DJS",بيانات!AE3:AE202,"<>لم يدفع") | E10: صغار (أقل من 14) | F10: =COUNTIFS(بيانات!H3:H202,"<14",بيانات!H3:H202,"<>",بيانات!B3:B202,"<>")
B11: متوسط الدفعة | C11: =IFERROR(AVERAGEIFS(بيانات!AI3:AI202,بيانات!AE3:AE202,"<>لم يدفع",بيانات!B3:B202,"<>"),0) | E11: ذكور | F11: =COUNTIF(بيانات!G3:G202,"ذكر")
E12: إناث | F12: =COUNTIF(بيانات!G3:G202,"أنثى")
B15: 🕐 أفواج التوقيت | E15: 🏊 أيام السباحة | H15: 🩸 فصائل الدم | K15: 💳 ملخص مالي تفصيلي
B16: 09:00-10:00 | C16: =COUNTIF(بيانات!AT3:AT202,"09:00-10:00") | E16: الأحد والأربعاء | F16: =COUNTIF(بيانات!AO3:AO202,"الأحد والأربعاء") | H16: A+ | I16: =COUNTIF(بيانات!Q3:Q202,"A+") | K16: رسوم 300 دج × عدد | L16: =COUNTIF(بيانات!AF3:AF202,300)&" منخرط"
B17: 10:00-11:00 | C17: =COUNTIF(بيانات!AT3:AT202,"10:00-11:00") | E17: الاثنين والخميس | F17: =COUNTIF(بيانات!AO3:AO202,"الاثنين والخميس") | H17: A- | I17: =COUNTIF(بيانات!Q3:Q202,"A-") | K17: مجموع رسوم 300 | L17: =SUMIF(بيانات!AF3:AF202,300,بيانات!AF3:AF202)
B18: 19:00-20:00 | C18: =COUNTIF(بيانات!AT3:AT202,"19:00-20:00") | E18: الثلاثاء والجمعة | F18: =COUNTIF(بيانات!AO3:AO202,"الثلاثاء والجمعة") | H18: B+ | I18: =COUNTIF(بيانات!Q3:Q202,"B+") | K18: رسوم 1300 دج × عدد | L18: =COUNTIF(بيانات!AF3:AF202,1300)&" منخرط"
B19: 20:00-21:00 | C19: =COUNTIF(بيانات!AT3:AT202,"20:00-21:00") | E19: كل الأيام | F19: =COUNTIF(بيانات!AO3:AO202,"كل الأيام") | H19: B- | I19: =COUNTIF(بيانات!Q3:Q202,"B-") | K19: مجموع رسوم 1300 | L19: =SUMIF(بيانات!AF3:AF202,1300,بيانات!AF3:AF202)
H20: O+ | I20: =COUNTIF(بيانات!Q3:Q202,"O+") | K20: رسوم 1500 دج × عدد | L20: =COUNTIF(بيانات!AF3:AF202,1500)&" منخرط"
H21: O- | I21: =COUNTIF(بيانات!Q3:Q202,"O-") | K21: مجموع رسوم 1500 | L21: =SUMIF(بيانات!AF3:AF202,1500,بيانات!AF3:AF202)
H22: AB+ | I22: =COUNTIF(بيانات!Q3:Q202,"AB+") | K22: تأمين مُحصَّل | L22: =SUMIF(بيانات!AE3:AE202,"<>لم يدفع",بيانات!AG3:AG202)
H23: AB- | I23: =COUNTIF(بيانات!Q3:Q202,"AB-") | K23: حقوق مركب مُحصَّلة | L23: =SUMIFS(بيانات!AH3:AH202,بيانات!AE3:AE202,"<>لم يدفع",بيانات!B3:B202,"<>")
A35: ✦ نادي RCS | منظومة إدارة الاشتراكات | جميع الحقوق محفوظة ✦

Sheet حقوق_المركب
A1: 🏊 سجل حقوق المركب — نادي RCS
A2: رقم الملف | B2: اللقب | C2: الاسم | D2: رسوم الاشتراك | E2: حقوق المركب | F2: المبلغ الإجمالي | G2: حالة الدفع
A3: =IF(بيانات!AH3=1000,بيانات!A3,"") | B3: =IF(بيانات!AH3=1000,بيانات!B3,"") | C3: =IF(بيانات!AH3=1000,بيانات!C3,"") | D3: =IF(بيانات!AH3=1000,بيانات!AF3,"") | E3: =IF(بيانات!AH3=1000,بيانات!AH3,"") | F3: =IF(بيانات!AH3=1000,بيانات!AI3,"") | G3: =IF(بيانات!AH3=1000,بيانات!AE3,"")
A4: =IF(بيانات!AH4=1000,بيانات!A4,"") | B4: =IF(بيانات!AH4=1000,بيانات!B4,"") | C4: =IF(بيانات!AH4=1000,بيانات!C4,"") | D4: =IF(بيانات!AH4=1000,بيانات!AF4,"") | E4: =IF(بيانات!AH4=1000,بيانات!AH4,"") | F4: =IF(بيانات!AH4=1000,بيانات!AI4,"") | G4: =IF(بيانات!AH4=1000,بيانات!AE4,"")
A5: =IF(بيانات!AH5=1000,بيانات!A5,"") | B5: =IF(بيانات!AH5=1000,بيانات!B5,"") | C5: =IF(بيانات!AH5=1000,بيانات!C5,"") | D5: =IF(بيانات!AH5=1000,بيانات!AF5,"") | E5: =IF(بيانات!AH5=1000,بيانات!AH5,"") | F5: =IF(بيانات!AH5=1000,بيانات!AI5,"") | G5: =IF(بيانات!AH5=1000,بيانات!AE5,"")
A6: =IF(بيانات!AH6=1000,بيانات!A6,"") | B6: =IF(بيانات!AH6=1000,بيانات!B6,"") | C6: =IF(بيانات!AH6=1000,بيانات!C6,"") | D6: =IF(بيانات!AH6=1000,بيانات!AF6,"") | E6: =IF(بيانات!AH6=1000,بيانات!AH6,"") | F6: =IF(بيانات!AH6=1000,بيانات!AI6,"") | G6: =IF(بيانات!AH6=1000,بيانات!AE6,"")
A7: =IF(بيانات!AH7=1000,بيانات!A7,"") | B7: =IF(بيانات!AH7=1000,بيانات!B7,"") | C7: =IF(بيانات!AH7=1000,بيانات!C7,"") | D7: =IF(بيانات!AH7=1000,بيانات!AF7,"") | E7: =IF(بيانات!AH7=1000,بيانات!AH7,"") | F7: =IF(بيانات!AH7=1000,بيانات!AI7,"") | G7: =IF(بيانات!AH7=1000,بيانات!AE7,"")
A8: =IF(بيانات!AH8=1000,بيانات!A8,"") | B8: =IF(بيانات!AH8=1000,بيانات!B8,"") | C8: =IF(بيانات!AH8=1000,بيانات!C8,"") | D8: =IF(بيانات!AH8=1000,بيانات!AF8,"") | E8: =IF(بيانات!AH8=1000,بيانات!AH8,"") | F8: =IF(بيانات!AH8=1000,بيانات!AI8,"") | G8: =IF(بيانات!AH8=1000,بيانات!AE8,"")
A9: =IF(بيانات!AH9=1000,بيانات!A9,"") | B9: =IF(بيانات!AH9=1000,بيانات!B9,"") | C9: =IF(بيانات!AH9=1000,بيانات!C9,"") | D9: =IF(بيانات!AH9=1000,بيانات!AF9,"") | E9: =IF(بيانات!AH9=1000,بيانات!AH9,"") | F9: =IF(بيانات!AH9=1000,بيانات!AI9,"") | G9: =IF(بيانات!AH9=1000,بيانات!AE9,"")
A10: =IF(بيانات!AH10=1000,بيانات!A10,"") | B10: =IF(بيانات!AH10=1000,بيانات!B10,"") | C10: =IF(بيانات!AH10=1000,بيانات!C10,"") | D10: =IF(بيانات!AH10=1000,بيانات!AF10,"") | E10: =IF(بيانات!AH10=1000,بيانات!AH10,"") | F10: =IF(بيانات!AH10=1000,بيانات!AI10,"") | G10: =IF(بيانات!AH10=1000,بيانات!AE10,"")
A11: =IF(بيانات!AH11=1000,بيانات!A11,"") | B11: =IF(بيانات!AH11=1000,بيانات!B11,"") | C11: =IF(بيانات!AH11=1000,بيانات!C11,"") | D11: =IF(بيانات!AH11=1000,بيانات!AF11,"") | E11: =IF(بيانات!AH11=1000,بيانات!AH11,"") | F11: =IF(بيانات!AH11=1000,بيانات!AI11,"") | G11: =IF(بيانات!AH11=1000,بيانات!AE11,"")
A12: =IF(بيانات!AH12=1000,بيانات!A12,"") | B12: =IF(بيانات!AH12=1000,بيانات!B12,"") | C12: =IF(بيانات!AH12=1000,بيانات!C12,"") | D12: =IF(بيانات!AH12=1000,بيانات!AF12,"") | E12: =IF(بيانات!AH12=1000,بيانات!AH12,"") | F12: =IF(بيانات!AH12=1000,بيانات!AI12,"") | G12: =IF(بيانات!AH12=1000,بيانات!AE12,"")
A13: =IF(بيانات!AH13=1000,بيانات!A13,"") | B13: =IF(بيانات!AH13=1000,بيانات!B13,"") | C13: =IF(بيانات!AH13=1000,بيانات!C13,"") | D13: =IF(بيانات!AH13=1000,بيانات!AF13,"") | E13: =IF(بيانات!AH13=1000,بيانات!AH13,"") | F13: =IF(بيانات!AH13=1000,بيانات!AI13,"") | G13: =IF(بيانات!AH13=1000,بيانات!AE13,"")
A14: =IF(بيانات!AH14=1000,بيانات!A14,"") | B14: =IF(بيانات!AH14=1000,بيانات!B14,"") | C14: =IF(بيانات!AH14=1000,بيانات!C14,"") | D14: =IF(بيانات!AH14=1000,بيانات!AF14,"") | E14: =IF(بيانات!AH14=1000,بيانات!AH14,"") | F14: =IF(بيانات!AH14=1000,بيانات!AI14,"") | G14: =IF(بيانات!AH14=1000,بيانات!AE14,"")
... A202: =IF(بيانات!AH202=1000,بيانات!A202,"") | B202: =IF(بيانات!AH202=1000,بيانات!B202,"") | C202: =IF(بيانات!AH202=1000,بيانات!C202,"") | D202: =IF(بيانات!AH202=1000,بيانات!AF202,"") | E202: =IF(بيانات!AH202=1000,بيانات!AH202,"") | F202: =IF(بيانات!AH202=1000,بيانات!AI202,"") | G202: =IF(بيانات!AH202=1000,بيانات!AE202,"")

Sheet التجديد
A1: 🔄 سجل تجديد الاشتراكات — نادي RCS
A2: رقم الملف | B2: اللقب | C2: الاسم | D2: نهاية الاشتراك السابق | E2: تاريخ التجديد | F2: نهاية الشهر الجديد | G2: مبلغ التجديد | H2: حالة الدفع | I2: حالة التجديد
A3: =IF(بيانات!B3<>"",بيانات!A3,"") | B3: =IF(بيانات!B3<>"",بيانات!B3,"") | C3: =IF(بيانات!B3<>"",بيانات!C3,"") | D3: =IF(بيانات!B3<>"",بيانات!Z3,"") | F3: =IF(E3="","",E3+30) | H3: =IF(بيانات!B3<>"",بيانات!AE3,"") | I3: =IF(بيانات!B3<>"",بيانات!AJ3,"")
A4: =IF(بيانات!B4<>"",بيانات!A4,"") | B4: =IF(بيانات!B4<>"",بيانات!B4,"") | C4: =IF(بيانات!B4<>"",بيانات!C4,"") | D4: =IF(بيانات!B4<>"",بيانات!Z4,"") | F4: =IF(E4="","",E4+30) | H4: =IF(بيانات!B4<>"",بيانات!AE4,"") | I4: =IF(بيانات!B4<>"",بيانات!AJ4,"")
A5: =IF(بيانات!B5<>"",بيانات!A5,"") | B5: =IF(بيانات!B5<>"",بيانات!B5,"") | C5: =IF(بيانات!B5<>"",بيانات!C5,"") | D5: =IF(بيانات!B5<>"",بيانات!Z5,"") | F5: =IF(E5="","",E5+30) | H5: =IF(بيانات!B5<>"",بيانات!AE5,"") | I5: =IF(بيانات!B5<>"",بيانات!AJ5,"")
A6: =IF(بيانات!B6<>"",بيانات!A6,"") | B6: =IF(بيانات!B6<>"",بيانات!B6,"") | C6: =IF(بيانات!B6<>"",بيانات!C6,"") | D6: =IF(بيانات!B6<>"",بيانات!Z6,"") | F6: =IF(E6="","",E6+30) | H6: =IF(بيانات!B6<>"",بيانات!AE6,"") | I6: =IF(بيانات!B6<>"",بيانات!AJ6,"")
A7: =IF(بيانات!B7<>"",بيانات!A7,"") | B7: =IF(بيانات!B7<>"",بيانات!B7,"") | C7: =IF(بيانات!B7<>"",بيانات!C7,"") | D7: =IF(بيانات!B7<>"",بيانات!Z7,"") | F7: =IF(E7="","",E7+30) | H7: =IF(بيانات!B7<>"",بيانات!AE7,"") | I7: =IF(بيانات!B7<>"",بيانات!AJ7,"")
A8: =IF(بيانات!B8<>"",بيانات!A8,"") | B8: =IF(بيانات!B8<>"",بيانات!B8,"") | C8: =IF(بيانات!B8<>"",بيانات!C8,"") | D8: =IF(بيانات!B8<>"",بيانات!Z8,"") | F8: =IF(E8="","",E8+30) | H8: =IF(بيانات!B8<>"",بيانات!AE8,"") | I8: =IF(بيانات!B8<>"",بيانات!AJ8,"")
A9: =IF(بيانات!B9<>"",بيانات!A9,"") | B9: =IF(بيانات!B9<>"",بيانات!B9,"") | C9: =IF(بيانات!B9<>"",بيانات!C9,"") | D9: =IF(بيانات!B9<>"",بيانات!Z9,"") | F9: =IF(E9="","",E9+30) | H9: =IF(بيانات!B9<>"",بيانات!AE9,"") | I9: =IF(بيانات!B9<>"",بيانات!AJ9,"")
A10: =IF(بيانات!B10<>"",بيانات!A10,"") | B10: =IF(بيانات!B10<>"",بيانات!B10,"") | C10: =IF(بيانات!B10<>"",بيانات!C10,"") | D10: =IF(بيانات!B10<>"",بيانات!Z10,"") | F10: =IF(E10="","",E10+30) | H10: =IF(بيانات!B10<>"",بيانات!AE10,"") | I10: =IF(بيانات!B10<>"",بيانات!AJ10,"")
A11: =IF(بيانات!B11<>"",بيانات!A11,"") | B11: =IF(بيانات!B11<>"",بيانات!B11,"") | C11: =IF(بيانات!B11<>"",بيانات!C11,"") | D11: =IF(بيانات!B11<>"",بيانات!Z11,"") | F11: =IF(E11="","",E11+30) | H11: =IF(بيانات!B11<>"",بيانات!AE11,"") | I11: =IF(بيانات!B11<>"",بيانات!AJ11,"")
A12: =IF(بيانات!B12<>"",بيانات!A12,"") | B12: =IF(بيانات!B12<>"",بيانات!B12,"") | C12: =IF(بيانات!B12<>"",بيانات!C12,"") | D12: =IF(بيانات!B12<>"",بيانات!Z12,"") | F12: =IF(E12="","",E12+30) | H12: =IF(بيانات!B12<>"",بيانات!AE12,"") | I12: =IF(بيانات!B12<>"",بيانات!AJ12,"")
A13: =IF(بيانات!B13<>"",بيانات!A13,"") | B13: =IF(بيانات!B13<>"",بيانات!B13,"") | C13: =IF(بيانات!B13<>"",بيانات!C13,"") | D13: =IF(بيانات!B13<>"",بيانات!Z13,"") | F13: =IF(E13="","",E13+30) | H13: =IF(بيانات!B13<>"",بيانات!AE13,"") | I13: =IF(بيانات!B13<>"",بيانات!AJ13,"")
A14: =IF(بيانات!B14<>"",بيانات!A14,"") | B14: =IF(بيانات!B14<>"",بيانات!B14,"") | C14: =IF(بيانات!B14<>"",بيانات!C14,"") | D14: =IF(بيانات!B14<>"",بيانات!Z14,"") | F14: =IF(E14="","",E14+30) | H14: =IF(بيانات!B14<>"",بيانات!AE14,"") | I14: =IF(بيانات!B14<>"",بيانات!AJ14,"")
... A202: =IF(بيانات!B202<>"",بيانات!A202,"") | B202: =IF(بيانات!B202<>"",بيانات!B202,"") | C202: =IF(بيانات!B202<>"",بيانات!C202,"") | D202: =IF(بيانات!B202<>"",بيانات!Z202,"") | F202: =IF(E202="","",E202+30) | H202: =IF(بيانات!B202<>"",بيانات!AE202,"") | I202: =IF(بيانات!B202<>"",بيانات!AJ202,"")

Sheet فئات_الأعمار
A1: 🏷️ تصنيف المنخرطين حسب الفئة العمرية والجنس — نادي RCS
S2: ذكر<13 | T2: أنثى<13 | U2: ذكر≥13 | V2: أنثى≥13
A3: فئة الذكور أقل من 13 سنة | E3: فئة الإناث أقل من 13 سنة | I3: فئة الذكور 13 سنة فما فوق | M3: فئة الإناث 13 سنة فما فوق | S3: =IF(AND(بيانات!$B3<>"",بيانات!$G3="ذكر",بيانات!$H3<13),COUNTA($S$3:S3),"") | T3: =IF(AND(بيانات!$B3<>"",بيانات!$G3="أنثى",بيانات!$H3<13),COUNTA($T$3:T3),"") | U3: =IF(AND(بيانات!$B3<>"",بيانات!$G3="ذكر",بيانات!$H3>=13),COUNTA($U$3:U3),"") | V3: =IF(AND(بيانات!$B3<>"",بيانات!$G3="أنثى",بيانات!$H3>=13),COUNTA($V$3:V3),"")
A4: ="العدد: " & COUNTIFS(بيانات!$G$3:$G$200,"ذكر",بيانات!$H$3:$H$200,"<13") | E4: ="العدد: " & COUNTIFS(بيانات!$G$3:$G$200,"أنثى",بيانات!$H$3:$H$200,"<13") | I4: ="العدد: " & COUNTIFS(بيانات!$G$3:$G$200,"ذكر",بيانات!$H$3:$H$200,">=13") | M4: ="العدد: " & COUNTIFS(بيانات!$G$3:$G$200,"أنثى",بيانات!$H$3:$H$200,">=13") | S4: =IF(AND(بيانات!$B4<>"",بيانات!$G4="ذكر",بيانات!$H4<13),COUNTA($S$3:S4),"") | T4: =IF(AND(بيانات!$B4<>"",بيانات!$G4="أنثى",بيانات!$H4<13),COUNTA($T$3:T4),"") | U4: =IF(AND(بيانات!$B4<>"",بيانات!$G4="ذكر",بيانات!$H4>=13),COUNTA($U$3:U4),"") | V4: =IF(AND(بيانات!$B4<>"",بيانات!$G4="أنثى",بيانات!$H4>=13),COUNTA($V$3:V4),"")
A5: رقم الملف | B5: اللقب والاسم | C5: العمر | E5: رقم الملف | F5: اللقب والاسم | G5: العمر | I5: رقم الملف | J5: اللقب والاسم | K5: العمر | M5: رقم الملف | N5: اللقب والاسم | O5: العمر | S5: =IF(AND(بيانات!$B5<>"",بيانات!$G5="ذكر",بيانات!$H5<13),COUNTA($S$3:S5),"") | T5: =IF(AND(بيانات!$B5<>"",بيانات!$G5="أنثى",بيانات!$H5<13),COUNTA($T$3:T5),"") | U5: =IF(AND(بيانات!$B5<>"",بيانات!$G5="ذكر",بيانات!$H5>=13),COUNTA($U$3:U5),"") | V5: =IF(AND(بيانات!$B5<>"",بيانات!$G5="أنثى",بيانات!$H5>=13),COUNTA($V$3:V5),"")
A6: =IFERROR(INDEX(بيانات!$A$3:$A$202,MATCH(1,$S$3:$S$202,0)),"") | B6: =IFERROR(INDEX(بيانات!$B$3:$B$202,MATCH(1,$S$3:$S$202,0))&" "&INDEX(بيانات!$C$3:$C$202,MATCH(1,$S$3:$S$202,0)),"") | C6: =IFERROR(INDEX(بيانات!$H$3:$H$202,MATCH(1,$S$3:$S$202,0)),"") | E6: =IFERROR(INDEX(بيانات!$A$3:$A$202,MATCH(1,$T$3:$T$202,0)),"") | F6: =IFERROR(INDEX(بيانات!$B$3:$B$202,MATCH(1,$T$3:$T$202,0))&" "&INDEX(بيانات!$C$3:$C$202,MATCH(1,$T$3:$T$202,0)),"") | G6: =IFERROR(INDEX(بيانات!$H$3:$H$202,MATCH(1,$T$3:$T$202,0)),"") | I6: =IFERROR(INDEX(بيانات!$A$3:$A$202,MATCH(1,$U$3:$U$202,0)),"") | J6: =IFERROR(INDEX(بيانات!$B$3:$B$202,MATCH(1,$U$3:$U$202,0))&" "&INDEX(بيانات!$C$3:$C$202,MATCH(1,$U$3:$U$202,0)),"") | K6: =IFERROR(INDEX(بيانات!$H$3:$H$202,MATCH(1,$U$3:$U$202,0)),"") | M6: =IFERROR(INDEX(بيانات!$A$3:$A$202,MATCH(1,$V$3:$V$202,0)),"") | N6: =IFERROR(INDEX(بيانات!$B$3:$B$202,MATCH(1,$V$3:$V$202,0))&" "&INDEX(بيانات!$C$3:$C$202,MATCH(1,$V$3:$V$202,0)),"") | O6: =IFERROR(INDEX(بيانات!$H$3:$H$202,MATCH(1,$V$3:$V$202,0)),"") | S6: =IF(AND(بيانات!$B6<>"",بيانات!$G6="ذكر",بيانات!$H6<13),COUNTA($S$3:S6),"") | T6: =IF(AND(بيانات!$B6<>"",بيانات!$G6="أنثى",بيانات!$H6<13),COUNTA($T$3:T6),"") | U6: =IF(AND(بيانات!$B6<>"",بيانات!$G6="ذكر",بيانات!$H6>=13),COUNTA($U$3:U6),"") | V6: =IF(AND(بيانات!$B6<>"",بيانات!$G6="أنثى",بيانات!$H6>=13),COUNTA($V$3:V6),"")
A7: =IFERROR(INDEX(بيانات!$A$3:$A$202,MATCH(2,$S$3:$S$202,0)),"") | B7: =IFERROR(INDEX(بيانات!$B$3:$B$202,MATCH(2,$S$3:$S$202,0))&" "&INDEX(بيانات!$C$3:$C$202,MATCH(2,$S$3:$S$202,0)),"") | C7: =IFERROR(INDEX(بيانات!$H$3:$H$202,MATCH(2,$S$3:$S$202,0)),"") | E7: =IFERROR(INDEX(بيانات!$A$3:$A$202,MATCH(2,$T$3:$T$202,0)),"") | F7: =IFERROR(INDEX(بيانات!$B$3:$B$202,MATCH(2,$T$3:$T$202,0))&" "&INDEX(بيانات!$C$3:$C$202,MATCH(2,$T$3:$T$202,0)),"") | G7: =IFERROR(INDEX(بيانات!$H$3:$H$202,MATCH(2,$T$3:$T$202,0)),"") | I7: =IFERROR(INDEX(بيانات!$A$3:$A$202,MATCH(2,$U$3:$U$202,0)),"") | J7: =IFERROR(INDEX(بيانات!$B$3:$B$202,MATCH(2,$U$3:$U$202,0))&" "&INDEX(بيانات!$C$3:$C$202,MATCH(2,$U$3:$U$202,0)),"") | K7: =IFERROR(INDEX(بيانات!$H$3:$H$202,MATCH(2,$U$3:$U$202,0)),"") | M7: =IFERROR(INDEX(بيانات!$A$3:$A$202,MATCH(2,$V$3:$V$202,0)),"") | N7: =IFERROR(INDEX(بيانات!$B$3:$B$202,MATCH(2,$V$3:$V$202,0))&" "&INDEX(بيانات!$C$3:$C$202,MATCH(2,$V$3:$V$202,0)),"") | O7: =IFERROR(INDEX(بيانات!$H$3:$H$202,MATCH(2,$V$3:$V$202,0)),"") | S7: =IF(AND(بيانات!$B7<>"",بيانات!$G7="ذكر",بيانات!$H7<13),COUNTA($S$3:S7),"") | T7: =IF(AND(بيانات!$B7<>"",بيانات!$G7="أنثى",بيانات!$H7<13),COUNTA($T$3:T7),"") | U7: =IF(AND(بيانات!$B7<>"",بيانات!$G7="ذكر",بيانات!$H7>=13),COUNTA($U$3:U7),"") | V7: =IF(AND(بيانات!$B7<>"",بيانات!$G7="أنثى",بيانات!$H7>=13),COUNTA($V$3:V7),"")
A8: =IFERROR(INDEX(بيانات!$A$3:$A$202,MATCH(3,$S$3:$S$202,0)),"") | B8: =IFERROR(INDEX(بيانات!$B$3:$B$202,MATCH(3,$S$3:$S$202,0))&" "&INDEX(بيانات!$C$3:$C$202,MATCH(3,$S$3:$S$202,0)),"") | C8: =IFERROR(INDEX(بيانات!$H$3:$H$202,MATCH(3,$S$3:$S$202,0)),"") | E8: =IFERROR(INDEX(بيانات!$A$3:$A$202,MATCH(3,$T$3:$T$202,0)),"") | F8: =IFERROR(INDEX(بيانات!$B$3:$B$202,MATCH(3,$T$3:$T$202,0))&" "&INDEX(بيانات!$C$3:$C$202,MATCH(3,$T$3:$T$202,0)),"") | G8: =IFERROR(INDEX(بيانات!$H$3:$H$202,MATCH(3,$T$3:$T$202,0)),"") | I8: =IFERROR(INDEX(بيانات!$A$3:$A$202,MATCH(3,$U$3:$U$202,0)),"") | J8: =IFERROR(INDEX(بيانات!$B$3:$B$202,MATCH(3,$U$3:$U$202,0))&" "&INDEX(بيانات!$C$3:$C$202,MATCH(3,$U$3:$U$202,0)),"") | K8: =IFERROR(INDEX(بيانات!$H$3:$H$202,MATCH(3,$U$3:$U$202,0)),"") | M8: =IFERROR(INDEX(بيانات!$A$3:$A$202,MATCH(3,$V$3:$V$202,0)),"") | N8: =IFERROR(INDEX(بيانات!$B$3:$B$202,MATCH(3,$V$3:$V$202,0))&" "&INDEX(بيانات!$C$3:$C$202,MATCH(3,$V$3:$V$202,0)),"") | O8: =IFERROR(INDEX(بيانات!$H$3:$H$202,MATCH(3,$V$3:$V$202,0)),"") | S8: =IF(AND(بيانات!$B8<>"",بيانات!$G8="ذكر",بيانات!$H8<13),COUNTA($S$3:S8),"") | T8: =IF(AND(بيانات!$B8<>"",بيانات!$G8="أنثى",بيانات!$H8<13),COUNTA($T$3:T8),"") | U8: =IF(AND(بيانات!$B8<>"",بيانات!$G8="ذكر",بيانات!$H8>=13),COUNTA($U$3:U8),"") | V8: =IF(AND(بيانات!$B8<>"",بيانات!$G8="أنثى",بيانات!$H8>=13),COUNTA($V$3:V8),"")
A9: =IFERROR(INDEX(بيانات!$A$3:$A$202,MATCH(4,$S$3:$S$202,0)),"") | B9: =IFERROR(INDEX(بيانات!$B$3:$B$202,MATCH(4,$S$3:$S$202,0))&" "&INDEX(بيانات!$C$3:$C$202,MATCH(4,$S$3:$S$202,0)),"") | C9: =IFERROR(INDEX(بيانات!$H$3:$H$202,MATCH(4,$S$3:$S$202,0)),"") | E9: =IFERROR(INDEX(بيانات!$A$3:$A$202,MATCH(4,$T$3:$T$202,0)),"") | F9: =IFERROR(INDEX(بيانات!$B$3:$B$202,MATCH(4,$T$3:$T$202,0))&" "&INDEX(بيانات!$C$3:$C$202,MATCH(4,$T$3:$T$202,0)),"") | G9: =IFERROR(INDEX(بيانات!$H$3:$H$202,MATCH(4,$T$3:$T$202,0)),"") | I9: =IFERROR(INDEX(بيانات!$A$3:$A$202,MATCH(4,$U$3:$U$202,0)),"") | J9: =IFERROR(INDEX(بيانات!$B$3:$B$202,MATCH(4,$U$3:$U$202,0))&" "&INDEX(بيانات!$C$3:$C$202,MATCH(4,$U$3:$U$202,0)),"") | K9: =IFERROR(INDEX(بيانات!$H$3:$H$202,MATCH(4,$U$3:$U$202,0)),"") | M9: =IFERROR(INDEX(بيانات!$A$3:$A$202,MATCH(4,$V$3:$V$202,0)),"") | N9: =IFERROR(INDEX(بيانات!$B$3:$B$202,MATCH(4,$V$3:$V$202,0))&" "&INDEX(بيانات!$C$3:$C$202,MATCH(4,$V$3:$V$202,0)),"") | O9: =IFERROR(INDEX(بيانات!$H$3:$H$202,MATCH(4,$V$3:$V$202,0)),"") | S9: =IF(AND(بيانات!$B9<>"",بيانات!$G9="ذكر",بيانات!$H9<13),COUNTA($S$3:S9),"") | T9: =IF(AND(بيانات!$B9<>"",بيانات!$G9="أنثى",بيانات!$H9<13),COUNTA($T$3:T9),"") | U9: =IF(AND(بيانات!$B9<>"",بيانات!$G9="ذكر",بيانات!$H9>=13),COUNTA($U$3:U9),"") | V9: =IF(AND(بيانات!$B9<>"",بيانات!$G9="أنثى",بيانات!$H9>=13),COUNTA($V$3:V9),"")
A10: =IFERROR(INDEX(بيانات!$A$3:$A$202,MATCH(5,$S$3:$S$202,0)),"") | B10: =IFERROR(INDEX(بيانات!$B$3:$B$202,MATCH(5,$S$3:$S$202,0))&" "&INDEX(بيانات!$C$3:$C$202,MATCH(5,$S$3:$S$202,0)),"") | C10: =IFERROR(INDEX(بيانات!$H$3:$H$202,MATCH(5,$S$3:$S$202,0)),"") | E10: =IFERROR(INDEX(بيانات!$A$3:$A$202,MATCH(5,$T$3:$T$202,0)),"") | F10: =IFERROR(INDEX(بيانات!$B$3:$B$202,MATCH(5,$T$3:$T$202,0))&" "&INDEX(بيانات!$C$3:$C$202,MATCH(5,$T$3:$T$202,0)),"") | G10: =IFERROR(INDEX(بيانات!$H$3:$H$202,MATCH(5,$T$3:$T$202,0)),"") | I10: =IFERROR(INDEX(بيانات!$A$3:$A$202,MATCH(5,$U$3:$U$202,0)),"") | J10: =IFERROR(INDEX(بيانات!$B$3:$B$202,MATCH(5,$U$3:$U$202,0))&" "&INDEX(بيانات!$C$3:$C$202,MATCH(5,$U$3:$U$202,0)),"") | K10: =IFERROR(INDEX(بيانات!$H$3:$H$202,MATCH(5,$U$3:$U$202,0)),"") | M10: =IFERROR(INDEX(بيانات!$A$3:$A$202,MATCH(5,$V$3:$V$202,0)),"") | N10: =IFERROR(INDEX(بيانات!$B$3:$B$202,MATCH(5,$V$3:$V$202,0))&" "&INDEX(بيانات!$C$3:$C$202,MATCH(5,$V$3:$V$202,0)),"") | O10: =IFERROR(INDEX(بيانات!$H$3:$H$202,MATCH(5,$V$3:$V$202,0)),"") | S10: =IF(AND(بيانات!$B10<>"",بيانات!$G10="ذكر",بيانات!$H10<13),COUNTA($S$3:S10),"") | T10: =IF(AND(بيانات!$B10<>"",بيانات!$G10="أنثى",بيانات!$H10<13),COUNTA($T$3:T10),"") | U10: =IF(AND(بيانات!$B10<>"",بيانات!$G10="ذكر",بيانات!$H10>=13),COUNTA($U$3:U10),"") | V10: =IF(AND(بيانات!$B10<>"",بيانات!$G10="أنثى",بيانات!$H10>=13),COUNTA($V$3:V10),"")
A11: =IFERROR(INDEX(بيانات!$A$3:$A$202,MATCH(6,$S$3:$S$202,0)),"") | B11: =IFERROR(INDEX(بيانات!$B$3:$B$202,MATCH(6,$S$3:$S$202,0))&" "&INDEX(بيانات!$C$3:$C$202,MATCH(6,$S$3:$S$202,0)),"") | C11: =IFERROR(INDEX(بيانات!$H$3:$H$202,MATCH(6,$S$3:$S$202,0)),"") | E11: =IFERROR(INDEX(بيانات!$A$3:$A$202,MATCH(6,$T$3:$T$202,0)),"") | F11: =IFERROR(INDEX(بيانات!$B$3:$B$202,MATCH(6,$T$3:$T$202,0))&" "&INDEX(بيانات!$C$3:$C$202,MATCH(6,$T$3:$T$202,0)),"") | G11: =IFERROR(INDEX(بيانات!$H$3:$H$202,MATCH(6,$T$3:$T$202,0)),"") | I11: =IFERROR(INDEX(بيانات!$A$3:$A$202,MATCH(6,$U$3:$U$202,0)),"") | J11: =IFERROR(INDEX(بيانات!$B$3:$B$202,MATCH(6,$U$3:$U$202,0))&" "&INDEX(بيانات!$C$3:$C$202,MATCH(6,$U$3:$U$202,0)),"") | K11: =IFERROR(INDEX(بيانات!$H$3:$H$202,MATCH(6,$U$3:$U$202,0)),"") | M11: =IFERROR(INDEX(بيانات!$A$3:$A$202,MATCH(6,$V$3:$V$202,0)),"") | N11: =IFERROR(INDEX(بيانات!$B$3:$B$202,MATCH(6,$V$3:$V$202,0))&" "&INDEX(بيانات!$C$3:$C$202,MATCH(6,$V$3:$V$202,0)),"") | O11: =IFERROR(INDEX(بيانات!$H$3:$H$202,MATCH(6,$V$3:$V$202,0)),"") | S11: =IF(AND(بيانات!$B11<>"",بيانات!$G11="ذكر",بيانات!$H11<13),COUNTA($S$3:S11),"") | T11: =IF(AND(بيانات!$B11<>"",بيانات!$G11="أنثى",بيانات!$H11<13),COUNTA($T$3:T11),"") | U11: =IF(AND(بيانات!$B11<>"",بيانات!$G11="ذكر",بيانات!$H11>=13),COUNTA($U$3:U11),"") | V11: =IF(AND(بيانات!$B11<>"",بيانات!$G11="أنثى",بيانات!$H11>=13),COUNTA($V$3:V11),"")
A12: =IFERROR(INDEX(بيانات!$A$3:$A$202,MATCH(7,$S$3:$S$202,0)),"") | B12: =IFERROR(INDEX(بيانات!$B$3:$B$202,MATCH(7,$S$3:$S$202,0))&" "&INDEX(بيانات!$C$3:$C$202,MATCH(7,$S$3:$S$202,0)),"") | C12: =IFERROR(INDEX(بيانات!$H$3:$H$202,MATCH(7,$S$3:$S$202,0)),"") | E12: =IFERROR(INDEX(بيانات!$A$3:$A$202,MATCH(7,$T$3:$T$202,0)),"") | F12: =IFERROR(INDEX(بيانات!$B$3:$B$202,MATCH(7,$T$3:$T$202,0))&" "&INDEX(بيانات!$C$3:$C$202,MATCH(7,$T$3:$T$202,0)),"") | G12: =IFERROR(INDEX(بيانات!$H$3:$H$202,MATCH(7,$T$3:$T$202,0)),"") | I12: =IFERROR(INDEX(بيانات!$A$3:$A$202,MATCH(7,$U$3:$U$202,0)),"") | J12: =IFERROR(INDEX(بيانات!$B$3:$B$202,MATCH(7,$U$3:$U$202,0))&" "&INDEX(بيانات!$C$3:$C$202,MATCH(7,$U$3:$U$202,0)),"") | K12: =IFERROR(INDEX(بيانات!$H$3:$H$202,MATCH(7,$U$3:$U$202,0)),"") | M12: =IFERROR(INDEX(بيانات!$A$3:$A$202,MATCH(7,$V$3:$V$202,0)),"") | N12: =IFERROR(INDEX(بيانات!$B$3:$B$202,MATCH(7,$V$3:$V$202,0))&" "&INDEX(بيانات!$C$3:$C$202,MATCH(7,$V$3:$V$202,0)),"") | O12: =IFERROR(INDEX(بيانات!$H$3:$H$202,MATCH(7,$V$3:$V$202,0)),"") | S12: =IF(AND(بيانات!$B12<>"",بيانات!$G12="ذكر",بيانات!$H12<13),COUNTA($S$3:S12),"") | T12: =IF(AND(بيانات!$B12<>"",بيانات!$G12="أنثى",بيانات!$H12<13),COUNTA($T$3:T12),"") | U12: =IF(AND(بيانات!$B12<>"",بيانات!$G12="ذكر",بيانات!$H12>=13),COUNTA($U$3:U12),"") | V12: =IF(AND(بيانات!$B12<>"",بيانات!$G12="أنثى",بيانات!$H12>=13),COUNTA($V$3:V12),"")
A13: =IFERROR(INDEX(بيانات!$A$3:$A$202,MATCH(8,$S$3:$S$202,0)),"") | B13: =IFERROR(INDEX(بيانات!$B$3:$B$202,MATCH(8,$S$3:$S$202,0))&" "&INDEX(بيانات!$C$3:$C$202,MATCH(8,$S$3:$S$202,0)),"") | C13: =IFERROR(INDEX(بيانات!$H$3:$H$202,MATCH(8,$S$3:$S$202,0)),"") | E13: =IFERROR(INDEX(بيانات!$A$3:$A$202,MATCH(8,$T$3:$T$202,0)),"") | F13: =IFERROR(INDEX(بيانات!$B$3:$B$202,MATCH(8,$T$3:$T$202,0))&" "&INDEX(بيانات!$C$3:$C$202,MATCH(8,$T$3:$T$202,0)),"") | G13: =IFERROR(INDEX(بيانات!$H$3:$H$202,MATCH(8,$T$3:$T$202,0)),"") | I13: =IFERROR(INDEX(بيانات!$A$3:$A$202,MATCH(8,$U$3:$U$202,0)),"") | J13: =IFERROR(INDEX(بيانات!$B$3:$B$202,MATCH(8,$U$3:$U$202,0))&" "&INDEX(بيانات!$C$3:$C$202,MATCH(8,$U$3:$U$202,0)),"") | K13: =IFERROR(INDEX(بيانات!$H$3:$H$202,MATCH(8,$U$3:$U$202,0)),"") | M13: =IFERROR(INDEX(بيانات!$A$3:$A$202,MATCH(8,$V$3:$V$202,0)),"") | N13: =IFERROR(INDEX(بيانات!$B$3:$B$202,MATCH(8,$V$3:$V$202,0))&" "&INDEX(بيانات!$C$3:$C$202,MATCH(8,$V$3:$V$202,0)),"") | O13: =IFERROR(INDEX(بيانات!$H$3:$H$202,MATCH(8,$V$3:$V$202,0)),"") | S13: =IF(AND(بيانات!$B13<>"",بيانات!$G13="ذكر",بيانات!$H13<13),COUNTA($S$3:S13),"") | T13: =IF(AND(بيانات!$B13<>"",بيانات!$G13="أنثى",بيانات!$H13<13),COUNTA($T$3:T13),"") | U13: =IF(AND(بيانات!$B13<>"",بيانات!$G13="ذكر",بيانات!$H13>=13),COUNTA($U$3:U13),"") | V13: =IF(AND(بيانات!$B13<>"",بيانات!$G13="أنثى",بيانات!$H13>=13),COUNTA($V$3:V13),"")
A14: =IFERROR(INDEX(بيانات!$A$3:$A$202,MATCH(9,$S$3:$S$202,0)),"") | B14: =IFERROR(INDEX(بيانات!$B$3:$B$202,MATCH(9,$S$3:$S$202,0))&" "&INDEX(بيانات!$C$3:$C$202,MATCH(9,$S$3:$S$202,0)),"") | C14: =IFERROR(INDEX(بيانات!$H$3:$H$202,MATCH(9,$S$3:$S$202,0)),"") | E14: =IFERROR(INDEX(بيانات!$A$3:$A$202,MATCH(9,$T$3:$T$202,0)),"") | F14: =IFERROR(INDEX(بيانات!$B$3:$B$202,MATCH(9,$T$3:$T$202,0))&" "&INDEX(بيانات!$C$3:$C$202,MATCH(9,$T$3:$T$202,0)),"") | G14: =IFERROR(INDEX(بيانات!$H$3:$H$202,MATCH(9,$T$3:$T$202,0)),"") | I14: =IFERROR(INDEX(بيانات!$A$3:$A$202,MATCH(9,$U$3:$U$202,0)),"") | J14: =IFERROR(INDEX(بيانات!$B$3:$B$202,MATCH(9,$U$3:$U$202,0))&" "&INDEX(بيانات!$C$3:$C$202,MATCH(9,$U$3:$U$202,0)),"") | K14: =IFERROR(INDEX(بيانات!$H$3:$H$202,MATCH(9,$U$3:$U$202,0)),"") | M14: =IFERROR(INDEX(بيانات!$A$3:$A$202,MATCH(9,$V$3:$V$202,0)),"") | N14: =IFERROR(INDEX(بيانات!$B$3:$B$202,MATCH(9,$V$3:$V$202,0))&" "&INDEX(بيانات!$C$3:$C$202,MATCH(9,$V$3:$V$202,0)),"") | O14: =IFERROR(INDEX(بيانات!$H$3:$H$202,MATCH(9,$V$3:$V$202,0)),"") | S14: =IF(AND(بيانات!$B14<>"",بيانات!$G14="ذكر",بيانات!$H14<13),COUNTA($S$3:S14),"") | T14: =IF(AND(بيانات!$B14<>"",بيانات!$G14="أنثى",بيانات!$H14<13),COUNTA($T$3:T14),"") | U14: =IF(AND(بيانات!$B14<>"",بيانات!$G14="ذكر",بيانات!$H14>=13),COUNTA($U$3:U14),"") | V14: =IF(AND(بيانات!$B14<>"",بيانات!$G14="أنثى",بيانات!$H14>=13),COUNTA($V$3:V14),"")
A15: =IFERROR(INDEX(بيانات!$A$3:$A$202,MATCH(10,$S$3:$S$202,0)),"") | B15: =IFERROR(INDEX(بيانات!$B$3:$B$202,MATCH(10,$S$3:$S$202,0))&" "&INDEX(بيانات!$C$3:$C$202,MATCH(10,$S$3:$S$202,0)),"") | C15: =IFERROR(INDEX(بيانات!$H$3:$H$202,MATCH(10,$S$3:$S$202,0)),"") | E15: =IFERROR(INDEX(بيانات!$A$3:$A$202,MATCH(10,$T$3:$T$202,0)),"") | F15: =IFERROR(INDEX(بيانات!$B$3:$B$202,MATCH(10,$T$3:$T$202,0))&" "&INDEX(بيانات!$C$3:$C$202,MATCH(10,$T$3:$T$202,0)),"") | G15: =IFERROR(INDEX(بيانات!$H$3:$H$202,MATCH(10,$T$3:$T$202,0)),"") | I15: =IFERROR(INDEX(بيانات!$A$3:$A$202,MATCH(10,$U$3:$U$202,0)),"") | J15: =IFERROR(INDEX(بيانات!$B$3:$B$202,MATCH(10,$U$3:$U$202,0))&" "&INDEX(بيانات!$C$3:$C$202,MATCH(10,$U$3:$U$202,0)),"") | K15: =IFERROR(INDEX(بيانات!$H$3:$H$202,MATCH(10,$U$3:$U$202,0)),"") | M15: =IFERROR(INDEX(بيانات!$A$3:$A$202,MATCH(10,$V$3:$V$202,0)),"") | N15: =IFERROR(INDEX(بيانات!$B$3:$B$202,MATCH(10,$V$3:$V$202,0))&" "&INDEX(بيانات!$C$3:$C$202,MATCH(10,$V$3:$V$202,0)),"") | O15: =IFERROR(INDEX(بيانات!$H$3:$H$202,MATCH(10,$V$3:$V$202,0)),"") | S15: =IF(AND(بيانات!$B15<>"",بيانات!$G15="ذكر",بيانات!$H15<13),COUNTA($S$3:S15),"") | T15: =IF(AND(بيانات!$B15<>"",بيانات!$G15="أنثى",بيانات!$H15<13),COUNTA($T$3:T15),"") | U15: =IF(AND(بيانات!$B15<>"",بيانات!$G15="ذكر",بيانات!$H15>=13),COUNTA($U$3:U15),"") | V15: =IF(AND(بيانات!$B15<>"",بيانات!$G15="أنثى",بيانات!$H15>=13),COUNTA($V$3:V15),"")
A16: =IFERROR(INDEX(بيانات!$A$3:$A$202,MATCH(11,$S$3:$S$202,0)),"") | B16: =IFERROR(INDEX(بيانات!$B$3:$B$202,MATCH(11,$S$3:$S$202,0))&" "&INDEX(بيانات!$C$3:$C$202,MATCH(11,$S$3:$S$202,0)),"") | C16: =IFERROR(INDEX(بيانات!$H$3:$H$202,MATCH(11,$S$3:$S$202,0)),"") | E16: =IFERROR(INDEX(بيانات!$A$3:$A$202,MATCH(11,$T$3:$T$202,0)),"") | F16: =IFERROR(INDEX(بيانات!$B$3:$B$202,MATCH(11,$T$3:$T$202,0))&" "&INDEX(بيانات!$C$3:$C$202,MATCH(11,$T$3:$T$202,0)),"") | G16: =IFERROR(INDEX(بيانات!$H$3:$H$202,MATCH(11,$T$3:$T$202,0)),"") | I16: =IFERROR(INDEX(بيانات!$A$3:$A$202,MATCH(11,$U$3:$U$202,0)),"") | J16: =IFERROR(INDEX(بيانات!$B$3:$B$202,MATCH(11,$U$3:$U$202,0))&" "&INDEX(بيانات!$C$3:$C$202,MATCH(11,$U$3:$U$202,0)),"") | K16: =IFERROR(INDEX(بيانات!$H$3:$H$202,MATCH(11,$U$3:$U$202,0)),"") | M16: =IFERROR(INDEX(بيانات!$A$3:$A$202,MATCH(11,$V$3:$V$202,0)),"") | N16: =IFERROR(INDEX(بيانات!$B$3:$B$202,MATCH(11,$V$3:$V$202,0))&" "&INDEX(بيانات!$C$3:$C$202,MATCH(11,$V$3:$V$202,0)),"") | O16: =IFERROR(INDEX(بيانات!$H$3:$H$202,MATCH(11,$V$3:$V$202,0)),"") | S16: =IF(AND(بيانات!$B16<>"",بيانات!$G16="ذكر",بيانات!$H16<13),COUNTA($S$3:S16),"") | T16: =IF(AND(بيانات!$B16<>"",بيانات!$G16="أنثى",بيانات!$H16<13),COUNTA($T$3:T16),"") | U16: =IF(AND(بيانات!$B16<>"",بيانات!$G16="ذكر",بيانات!$H16>=13),COUNTA($U$3:U16),"") | V16: =IF(AND(بيانات!$B16<>"",بيانات!$G16="أنثى",بيانات!$H16>=13),COUNTA($V$3:V16),"")
A17: =IFERROR(INDEX(بيانات!$A$3:$A$202,MATCH(12,$S$3:$S$202,0)),"") | B17: =IFERROR(INDEX(بيانات!$B$3:$B$202,MATCH(12,$S$3:$S$202,0))&" "&INDEX(بيانات!$C$3:$C$202,MATCH(12,$S$3:$S$202,0)),"") | C17: =IFERROR(INDEX(بيانات!$H$3:$H$202,MATCH(12,$S$3:$S$202,0)),"") | E17: =IFERROR(INDEX(بيانات!$A$3:$A$202,MATCH(12,$T$3:$T$202,0)),"") | F17: =IFERROR(INDEX(بيانات!$B$3:$B$202,MATCH(12,$T$3:$T$202,0))&" "&INDEX(بيانات!$C$3:$C$202,MATCH(12,$T$3:$T$202,0)),"") | G17: =IFERROR(INDEX(بيانات!$H$3:$H$202,MATCH(12,$T$3:$T$202,0)),"") | I17: =IFERROR(INDEX(بيانات!$A$3:$A$202,MATCH(12,$U$3:$U$202,0)),"") | J17: =IFERROR(INDEX(بيانات!$B$3:$B$202,MATCH(12,$U$3:$U$202,0))&" "&INDEX(بيانات!$C$3:$C$202,MATCH(12,$U$3:$U$202,0)),"") | K17: =IFERROR(INDEX(بيانات!$H$3:$H$202,MATCH(12,$U$3:$U$202,0)),"") | M17: =IFERROR(INDEX(بيانات!$A$3:$A$202,MATCH(12,$V$3:$V$202,0)),"") | N17: =IFERROR(INDEX(بيانات!$B$3:$B$202,MATCH(12,$V$3:$V$202,0))&" "&INDEX(بيانات!$C$3:$C$202,MATCH(12,$V$3:$V$202,0)),"") | O17: =IFERROR(INDEX(بيانات!$H$3:$H$202,MATCH(12,$V$3:$V$202,0)),"") | S17: =IF(AND(بيانات!$B17<>"",بيانات!$G17="ذكر",بيانات!$H17<13),COUNTA($S$3:S17),"") | T17: =IF(AND(بيانات!$B17<>"",بيانات!$G17="أنثى",بيانات!$H17<13),COUNTA($T$3:T17),"") | U17: =IF(AND(بيانات!$B17<>"",بيانات!$G17="ذكر",بيانات!$H17>=13),COUNTA($U$3:U17),"") | V17: =IF(AND(بيانات!$B17<>"",بيانات!$G17="أنثى",بيانات!$H17>=13),COUNTA($V$3:V17),"")
A18: =IFERROR(INDEX(بيانات!$A$3:$A$202,MATCH(13,$S$3:$S$202,0)),"") | B18: =IFERROR(INDEX(بيانات!$B$3:$B$202,MATCH(13,$S$3:$S$202,0))&" "&INDEX(بيانات!$C$3:$C$202,MATCH(13,$S$3:$S$202,0)),"") | C18: =IFERROR(INDEX(بيانات!$H$3:$H$202,MATCH(13,$S$3:$S$202,0)),"") | E18: =IFERROR(INDEX(بيانات!$A$3:$A$202,MATCH(13,$T$3:$T$202,0)),"") | F18: =IFERROR(INDEX(بيانات!$B$3:$B$202,MATCH(13,$T$3:$T$202,0))&" "&INDEX(بيانات!$C$3:$C$202,MATCH(13,$T$3:$T$202,0)),"") | G18: =IFERROR(INDEX(بيانات!$H$3:$H$202,MATCH(13,$T$3:$T$202,0)),"") | I18: =IFERROR(INDEX(بيانات!$A$3:$A$202,MATCH(13,$U$3:$U$202,0)),"") | J18: =IFERROR(INDEX(بيانات!$B$3:$B$202,MATCH(13,$U$3:$U$202,0))&" "&INDEX(بيانات!$C$3:$C$202,MATCH(13,$U$3:$U$202,0)),"") | K18: =IFERROR(INDEX(بيانات!$H$3:$H$202,MATCH(13,$U$3:$U$202,0)),"") | M18: =IFERROR(INDEX(بيانات!$A$3:$A$202,MATCH(13,$V$3:$V$202,0)),"") | N18: =IFERROR(INDEX(بيانات!$B$3:$B$202,MATCH(13,$V$3:$V$202,0))&" "&INDEX(بيانات!$C$3:$C$202,MATCH(13,$V$3:$V$202,0)),"") | O18: =IFERROR(INDEX(بيانات!$H$3:$H$202,MATCH(13,$V$3:$V$202,0)),"") | S18: =IF(AND(بيانات!$B18<>"",بيانات!$G18="ذكر",بيانات!$H18<13),COUNTA($S$3:S18),"") | T18: =IF(AND(بيانات!$B18<>"",بيانات!$G18="أنثى",بيانات!$H18<13),COUNTA($T$3:T18),"") | U18: =IF(AND(بيانات!$B18<>"",بيانات!$G18="ذكر",بيانات!$H18>=13),COUNTA($U$3:U18),"") | V18: =IF(AND(بيانات!$B18<>"",بيانات!$G18="أنثى",بيانات!$H18>=13),COUNTA($V$3:V18),"")
A19: =IFERROR(INDEX(بيانات!$A$3:$A$202,MATCH(14,$S$3:$S$202,0)),"") | B19: =IFERROR(INDEX(بيانات!$B$3:$B$202,MATCH(14,$S$3:$S$202,0))&" "&INDEX(بيانات!$C$3:$C$202,MATCH(14,$S$3:$S$202,0)),"") | C19: =IFERROR(INDEX(بيانات!$H$3:$H$202,MATCH(14,$S$3:$S$202,0)),"") | E19: =IFERROR(INDEX(بيانات!$A$3:$A$202,MATCH(14,$T$3:$T$202,0)),"") | F19: =IFERROR(INDEX(بيانات!$B$3:$B$202,MATCH(14,$T$3:$T$202,0))&" "&INDEX(بيانات!$C$3:$C$202,MATCH(14,$T$3:$T$202,0)),"") | G19: =IFERROR(INDEX(بيانات!$H$3:$H$202,MATCH(14,$T$3:$T$202,0)),"") | I19: =IFERROR(INDEX(بيانات!$A$3:$A$202,MATCH(14,$U$3:$U$202,0)),"") | J19: =IFERROR(INDEX(بيانات!$B$3:$B$202,MATCH(14,$U$3:$U$202,0))&" "&INDEX(بيانات!$C$3:$C$202,MATCH(14,$U$3:$U$202,0)),"") | K19: =IFERROR(INDEX(بيانات!$H$3:$H$202,MATCH(14,$U$3:$U$202,0)),"") | M19: =IFERROR(INDEX(بيانات!$A$3:$A$202,MATCH(14,$V$3:$V$202,0)),"") | N19: =IFERROR(INDEX(بيانات!$B$3:$B$202,MATCH(14,$V$3:$V$202,0))&" "&INDEX(بيانات!$C$3:$C$202,MATCH(14,$V$3:$V$202,0)),"") | O19: =IFERROR(INDEX(بيانات!$H$3:$H$202,MATCH(14,$V$3:$V$202,0)),"") | S19: =IF(AND(بيانات!$B19<>"",بيانات!$G19="ذكر",بيانات!$H19<13),COUNTA($S$3:S19),"") | T19: =IF(AND(بيانات!$B19<>"",بيانات!$G19="أنثى",بيانات!$H19<13),COUNTA($T$3:T19),"") | U19: =IF(AND(بيانات!$B19<>"",بيانات!$G19="ذكر",بيانات!$H19>=13),COUNTA($U$3:U19),"") | V19: =IF(AND(بيانات!$B19<>"",بيانات!$G19="أنثى",بيانات!$H19>=13),COUNTA($V$3:V19),"")
A20: =IFERROR(INDEX(بيانات!$A$3:$A$202,MATCH(15,$S$3:$S$202,0)),"") | B20: =IFERROR(INDEX(بيانات!$B$3:$B$202,MATCH(15,$S$3:$S$202,0))&" "&INDEX(بيانات!$C$3:$C$202,MATCH(15,$S$3:$S$202,0)),"") | C20: =IFERROR(INDEX(بيانات!$H$3:$H$202,MATCH(15,$S$3:$S$202,0)),"") | E20: =IFERROR(INDEX(بيانات!$A$3:$A$202,MATCH(15,$T$3:$T$202,0)),"") | F20: =IFERROR(INDEX(بيانات!$B$3:$B$202,MATCH(15,$T$3:$T$202,0))&" "&INDEX(بيانات!$C$3:$C$202,MATCH(15,$T$3:$T$202,0)),"") | G20: =IFERROR(INDEX(بيانات!$H$3:$H$202,MATCH(15,$T$3:$T$202,0)),"") | I20: =IFERROR(INDEX(بيانات!$A$3:$A$202,MATCH(15,$U$3:$U$202,0)),"") | J20: =IFERROR(INDEX(بيانات!$B$3:$B$202,MATCH(15,$U$3:$U$202,0))&" "&INDEX(بيانات!$C$3:$C$202,MATCH(15,$U$3:$U$202,0)),"") | K20: =IFERROR(INDEX(بيانات!$H$3:$H$202,MATCH(15,$U$3:$U$202,0)),"") | M20: =IFERROR(INDEX(بيانات!$A$3:$A$202,MATCH(15,$V$3:$V$202,0)),"") | N20: =IFERROR(INDEX(بيانات!$B$3:$B$202,MATCH(15,$V$3:$V$202,0))&" "&INDEX(بيانات!$C$3:$C$202,MATCH(15,$V$3:$V$202,0)),"") | O20: =IFERROR(INDEX(بيانات!$H$3:$H$202,MATCH(15,$V$3:$V$202,0)),"") | S20: =IF(AND(بيانات!$B20<>"",بيانات!$G20="ذكر",بيانات!$H20<13),COUNTA($S$3:S20),"") | T20: =IF(AND(بيانات!$B20<>"",بيانات!$G20="أنثى",بيانات!$H20<13),COUNTA($T$3:T20),"") | U20: =IF(AND(بيانات!$B20<>"",بيانات!$G20="ذكر",بيانات!$H20>=13),COUNTA($U$3:U20),"") | V20: =IF(AND(بيانات!$B20<>"",بيانات!$G20="أنثى",بيانات!$H20>=13),COUNTA($V$3:V20),"")
A21: =IFERROR(INDEX(بيانات!$A$3:$A$202,MATCH(16,$S$3:$S$202,0)),"") | B21: =IFERROR(INDEX(بيانات!$B$3:$B$202,MATCH(16,$S$3:$S$202,0))&" "&INDEX(بيانات!$C$3:$C$202,MATCH(16,$S$3:$S$202,0)),"") | C21: =IFERROR(INDEX(بيانات!$H$3:$H$202,MATCH(16,$S$3:$S$202,0)),"") | E21: =IFERROR(INDEX(بيانات!$A$3:$A$202,MATCH(16,$T$3:$T$202,0)),"") | F21: =IFERROR(INDEX(بيانات!$B$3:$B$202,MATCH(16,$T$3:$T$202,0))&" "&INDEX(بيانات!$C$3:$C$202,MATCH(16,$T$3:$T$202,0)),"") | G21: =IFERROR(INDEX(بيانات!$H$3:$H$202,MATCH(16,$T$3:$T$202,0)),"") | I21: =IFERROR(INDEX(بيانات!$A$3:$A$202,MATCH(16,$U$3:$U$202,0)),"") | J21: =IFERROR(INDEX(بيانات!$B$3:$B$202,MATCH(16,$U$3:$U$202,0))&" "&INDEX(بيانات!$C$3:$C$202,MATCH(16,$U$3:$U$202,0)),"") | K21: =IFERROR(INDEX(بيانات!$H$3:$H$202,MATCH(16,$U$3:$U$202,0)),"") | M21: =IFERROR(INDEX(بيانات!$A$3:$A$202,MATCH(16,$V$3:$V$202,0)),"") | N21: =IFERROR(INDEX(بيانات!$B$3:$B$202,MATCH(16,$V$3:$V$202,0))&" "&INDEX(بيانات!$C$3:$C$202,MATCH(16,$V$3:$V$202,0)),"") | O21: =IFERROR(INDEX(بيانات!$H$3:$H$202,MATCH(16,$V$3:$V$202,0)),"") | S21: =IF(AND(بيانات!$B21<>"",بيانات!$G21="ذكر",بيانات!$H21<13),COUNTA($S$3:S21),"") | T21: =IF(AND(بيانات!$B21<>"",بيانات!$G21="أنثى",بيانات!$H21<13),COUNTA($T$3:T21),"") | U21: =IF(AND(بيانات!$B21<>"",بيانات!$G21="ذكر",بيانات!$H21>=13),COUNTA($U$3:U21),"") | V21: =IF(AND(بيانات!$B21<>"",بيانات!$G21="أنثى",بيانات!$H21>=13),COUNTA($V$3:V21),"")
A22: =IFERROR(INDEX(بيانات!$A$3:$A$202,MATCH(17,$S$3:$S$202,0)),"") | B22: =IFERROR(INDEX(بيانات!$B$3:$B$202,MATCH(17,$S$3:$S$202,0))&" "&INDEX(بيانات!$C$3:$C$202,MATCH(17,$S$3:$S$202,0)),"") | C22: =IFERROR(INDEX(بيانات!$H$3:$H$202,MATCH(17,$S$3:$S$202,0)),"") | E22: =IFERROR(INDEX(بيانات!$A$3:$A$202,MATCH(17,$T$3:$T$202,0)),"") | F22: =IFERROR(INDEX(بيانات!$B$3:$B$202,MATCH(17,$T$3:$T$202,0))&" "&INDEX(بيانات!$C$3:$C$202,MATCH(17,$T$3:$T$202,0)),"") | G22: =IFERROR(INDEX(بيانات!$H$3:$H$202,MATCH(17,$T$3:$T$202,0)),"") | I22: =IFERROR(INDEX(بيانات!$A$3:$A$202,MATCH(17,$U$3:$U$202,0)),"") | J22: =IFERROR(INDEX(بيانات!$B$3:$B$202,MATCH(17,$U$3:$U$202,0))&" "&INDEX(بيانات!$C$3:$C$202,MATCH(17,$U$3:$U$202,0)),"") | K22: =IFERROR(INDEX(بيانات!$H$3:$H$202,MATCH(17,$U$3:$U$202,0)),"") | M22: =IFERROR(INDEX(بيانات!$A$3:$A$202,MATCH(17,$V$3:$V$202,0)),"") | N22: =IFERROR(INDEX(بيانات!$B$3:$B$202,MATCH(17,$V$3:$V$202,0))&" "&INDEX(بيانات!$C$3:$C$202,MATCH(17,$V$3:$V$202,0)),"") | O22: =IFERROR(INDEX(بيانات!$H$3:$H$202,MATCH(17,$V$3:$V$202,0)),"") | S22: =IF(AND(بيانات!$B22<>"",بيانات!$G22="ذكر",بيانات!$H22<13),COUNTA($S$3:S22),"") | T22: =IF(AND(بيانات!$B22<>"",بيانات!$G22="أنثى",بيانات!$H22<13),COUNTA($T$3:T22),"") | U22: =IF(AND(بيانات!$B22<>"",بيانات!$G22="ذكر",بيانات!$H22>=13),COUNTA($U$3:U22),"") | V22: =IF(AND(بيانات!$B22<>"",بيانات!$G22="أنثى",بيانات!$H22>=13),COUNTA($V$3:V22),"")
A23: =IFERROR(INDEX(بيانات!$A$3:$A$202,MATCH(18,$S$3:$S$202,0)),"") | B23: =IFERROR(INDEX(بيانات!$B$3:$B$202,MATCH(18,$S$3:$S$202,0))&" "&INDEX(بيانات!$C$3:$C$202,MATCH(18,$S$3:$S$202,0)),"") | C23: =IFERROR(INDEX(بيانات!$H$3:$H$202,MATCH(18,$S$3:$S$202,0)),"") | E23: =IFERROR(INDEX(بيانات!$A$3:$A$202,MATCH(18,$T$3:$T$202,0)),"") | F23: =IFERROR(INDEX(بيانات!$B$3:$B$202,MATCH(18,$T$3:$T$202,0))&" "&INDEX(بيانات!$C$3:$C$202,MATCH(18,$T$3:$T$202,0)),"") | G23: =IFERROR(INDEX(بيانات!$H$3:$H$202,MATCH(18,$T$3:$T$202,0)),"") | I23: =IFERROR(INDEX(بيانات!$A$3:$A$202,MATCH(18,$U$3:$U$202,0)),"") | J23: =IFERROR(INDEX(بيانات!$B$3:$B$202,MATCH(18,$U$3:$U$202,0))&" "&INDEX(بيانات!$C$3:$C$202,MATCH(18,$U$3:$U$202,0)),"") | K23: =IFERROR(INDEX(بيانات!$H$3:$H$202,MATCH(18,$U$3:$U$202,0)),"") | M23: =IFERROR(INDEX(بيانات!$A$3:$A$202,MATCH(18,$V$3:$V$202,0)),"") | N23: =IFERROR(INDEX(بيانات!$B$3:$B$202,MATCH(18,$V$3:$V$202,0))&" "&INDEX(بيانات!$C$3:$C$202,MATCH(18,$V$3:$V$202,0)),"") | O23: =IFERROR(INDEX(بيانات!$H$3:$H$202,MATCH(18,$V$3:$V$202,0)),"") | S23: =IF(AND(بيانات!$B23<>"",بيانات!$G23="ذكر",بيانات!$H23<13),COUNTA($S$3:S23),"") | T23: =IF(AND(بيانات!$B23<>"",بيانات!$G23="أنثى",بيانات!$H23<13),COUNTA($T$3:T23),"") | U23: =IF(AND(بيانات!$B23<>"",بيانات!$G23="ذكر",بيانات!$H23>=13),COUNTA($U$3:U23),"") | V23: =IF(AND(بيانات!$B23<>"",بيانات!$G23="أنثى",بيانات!$H23>=13),COUNTA($V$3:V23),"")
A24: =IFERROR(INDEX(بيانات!$A$3:$A$202,MATCH(19,$S$3:$S$202,0)),"") | B24: =IFERROR(INDEX(بيانات!$B$3:$B$202,MATCH(19,$S$3:$S$202,0))&" "&INDEX(بيانات!$C$3:$C$202,MATCH(19,$S$3:$S$202,0)),"") | C24: =IFERROR(INDEX(بيانات!$H$3:$H$202,MATCH(19,$S$3:$S$202,0)),"") | E24: =IFERROR(INDEX(بيانات!$A$3:$A$202,MATCH(19,$T$3:$T$202,0)),"") | F24: =IFERROR(INDEX(بيانات!$B$3:$B$202,MATCH(19,$T$3:$T$202,0))&" "&INDEX(بيانات!$C$3:$C$202,MATCH(19,$T$3:$T$202,0)),"") | G24: =IFERROR(INDEX(بيانات!$H$3:$H$202,MATCH(19,$T$3:$T$202,0)),"") | I24: =IFERROR(INDEX(بيانات!$A$3:$A$202,MATCH(19,$U$3:$U$202,0)),"") | J24: =IFERROR(INDEX(بيانات!$B$3:$B$202,MATCH(19,$U$3:$U$202,0))&" "&INDEX(بيانات!$C$3:$C$202,MATCH(19,$U$3:$U$202,0)),"") | K24: =IFERROR(INDEX(بيانات!$H$3:$H$202,MATCH(19,$U$3:$U$202,0)),"") | M24: =IFERROR(INDEX(بيانات!$A$3:$A$202,MATCH(19,$V$3:$V$202,0)),"") | N24: =IFERROR(INDEX(بيانات!$B$3:$B$202,MATCH(19,$V$3:$V$202,0))&" "&INDEX(بيانات!$C$3:$C$202,MATCH(19,$V$3:$V$202,0)),"") | O24: =IFERROR(INDEX(بيانات!$H$3:$H$202,MATCH(19,$V$3:$V$202,0)),"") | S24: =IF(AND(بيانات!$B24<>"",بيانات!$G24="ذكر",بيانات!$H24<13),COUNTA($S$3:S24),"") | T24: =IF(AND(بيانات!$B24<>"",بيانات!$G24="أنثى",بيانات!$H24<13),COUNTA($T$3:T24),"") | U24: =IF(AND(بيانات!$B24<>"",بيانات!$G24="ذكر",بيانات!$H24>=13),COUNTA($U$3:U24),"") | V24: =IF(AND(بيانات!$B24<>"",بيانات!$G24="أنثى",بيانات!$H24>=13),COUNTA($V$3:V24),"")
A25: =IFERROR(INDEX(بيانات!$A$3:$A$202,MATCH(20,$S$3:$S$202,0)),"") | B25: =IFERROR(INDEX(بيانات!$B$3:$B$202,MATCH(20,$S$3:$S$202,0))&" "&INDEX(بيانات!$C$3:$C$202,MATCH(20,$S$3:$S$202,0)),"") | C25: =IFERROR(INDEX(بيانات!$H$3:$H$202,MATCH(20,$S$3:$S$202,0)),"") | E25: =IFERROR(INDEX(بيانات!$A$3:$A$202,MATCH(20,$T$3:$T$202,0)),"") | F25: =IFERROR(INDEX(بيانات!$B$3:$B$202,MATCH(20,$T$3:$T$202,0))&" "&INDEX(بيانات!$C$3:$C$202,MATCH(20,$T$3:$T$202,0)),"") | G25: =IFERROR(INDEX(بيانات!$H$3:$H$202,MATCH(20,$T$3:$T$202,0)),"") | I25: =IFERROR(INDEX(بيانات!$A$3:$A$202,MATCH(20,$U$3:$U$202,0)),"") | J25: =IFERROR(INDEX(بيانات!$B$3:$B$202,MATCH(20,$U$3:$U$202,0))&" "&INDEX(بيانات!$C$3:$C$202,MATCH(20,$U$3:$U$202,0)),"") | K25: =IFERROR(INDEX(بيانات!$H$3:$H$202,MATCH(20,$U$3:$U$202,0)),"") | M25: =IFERROR(INDEX(بيانات!$A$3:$A$202,MATCH(20,$V$3:$V$202,0)),"") | N25: =IFERROR(INDEX(بيانات!$B$3:$B$202,MATCH(20,$V$3:$V$202,0))&" "&INDEX(بيانات!$C$3:$C$202,MATCH(20,$V$3:$V$202,0)),"") | O25: =IFERROR(INDEX(بيانات!$H$3:$H$202,MATCH(20,$V$3:$V$202,0)),"") | S25: =IF(AND(بيانات!$B25<>"",بيانات!$G25="ذكر",بيانات!$H25<13),COUNTA($S$3:S25),"") | T25: =IF(AND(بيانات!$B25<>"",بيانات!$G25="أنثى",بيانات!$H25<13),COUNTA($T$3:T25),"") | U25: =IF(AND(بيانات!$B25<>"",بيانات!$G25="ذكر",بيانات!$H25>=13),COUNTA($U$3:U25),"") | V25: =IF(AND(بيانات!$B25<>"",بيانات!$G25="أنثى",بيانات!$H25>=13),COUNTA($V$3:V25),"")
A26: =IFERROR(INDEX(بيانات!$A$3:$A$202,MATCH(21,$S$3:$S$202,0)),"") | B26: =IFERROR(INDEX(بيانات!$B$3:$B$202,MATCH(21,$S$3:$S$202,0))&" "&INDEX(بيانات!$C$3:$C$202,MATCH(21,$S$3:$S$202,0)),"") | C26: =IFERROR(INDEX(بيانات!$H$3:$H$202,MATCH(21,$S$3:$S$202,0)),"") | E26: =IFERROR(INDEX(بيانات!$A$3:$A$202,MATCH(21,$T$3:$T$202,0)),"") | F26: =IFERROR(INDEX(بيانات!$B$3:$B$202,MATCH(21,$T$3:$T$202,0))&" "&INDEX(بيانات!$C$3:$C$202,MATCH(21,$T$3:$T$202,0)),"") | G26: =IFERROR(INDEX(بيانات!$H$3:$H$202,MATCH(21,$T$3:$T$202,0)),"") | I26: =IFERROR(INDEX(بيانات!$A$3:$A$202,MATCH(21,$U$3:$U$202,0)),"") | J26: =IFERROR(INDEX(بيانات!$B$3:$B$202,MATCH(21,$U$3:$U$202,0))&" "&INDEX(بيانات!$C$3:$C$202,MATCH(21,$U$3:$U$202,0)),"") | K26: =IFERROR(INDEX(بيانات!$H$3:$H$202,MATCH(21,$U$3:$U$202,0)),"") | M26: =IFERROR(INDEX(بيانات!$A$3:$A$202,MATCH(21,$V$3:$V$202,0)),"") | N26: =IFERROR(INDEX(بيانات!$B$3:$B$202,MATCH(21,$V$3:$V$202,0))&" "&INDEX(بيانات!$C$3:$C$202,MATCH(21,$V$3:$V$202,0)),"") | O26: =IFERROR(INDEX(بيانات!$H$3:$H$202,MATCH(21,$V$3:$V$202,0)),"") | S26: =IF(AND(بيانات!$B26<>"",بيانات!$G26="ذكر",بيانات!$H26<13),COUNTA($S$3:S26),"") | T26: =IF(AND(بيانات!$B26<>"",بيانات!$G26="أنثى",بيانات!$H26<13),COUNTA($T$3:T26),"") | U26: =IF(AND(بيانات!$B26<>"",بيانات!$G26="ذكر",بيانات!$H26>=13),COUNTA($U$3:U26),"") | V26: =IF(AND(بيانات!$B26<>"",بيانات!$G26="أنثى",بيانات!$H26>=13),COUNTA($V$3:V26),"")
A27: =IFERROR(INDEX(بيانات!$A$3:$A$202,MATCH(22,$S$3:$S$202,0)),"") | B27: =IFERROR(INDEX(بيانات!$B$3:$B$202,MATCH(22,$S$3:$S$202,0))&" "&INDEX(بيانات!$C$3:$C$202,MATCH(22,$S$3:$S$202,0)),"") | C27: =IFERROR(INDEX(بيانات!$H$3:$H$202,MATCH(22,$S$3:$S$202,0)),"") | E27: =IFERROR(INDEX(بيانات!$A$3:$A$202,MATCH(22,$T$3:$T$202,0)),"") | F27: =IFERROR(INDEX(بيانات!$B$3:$B$202,MATCH(22,$T$3:$T$202,0))&" "&INDEX(بيانات!$C$3:$C$202,MATCH(22,$T$3:$T$202,0)),"") | G27: =IFERROR(INDEX(بيانات!$H$3:$H$202,MATCH(22,$T$3:$T$202,0)),"") | I27: =IFERROR(INDEX(بيانات!$A$3:$A$202,MATCH(22,$U$3:$U$202,0)),"") | J27: =IFERROR(INDEX(بيانات!$B$3:$B$202,MATCH(22,$U$3:$U$202,0))&" "&INDEX(بيانات!$C$3:$C$202,MATCH(22,$U$3:$U$202,0)),"") | K27: =IFERROR(INDEX(بيانات!$H$3:$H$202,MATCH(22,$U$3:$U$202,0)),"") | M27: =IFERROR(INDEX(بيانات!$A$3:$A$202,MATCH(22,$V$3:$V$202,0)),"") | N27: =IFERROR(INDEX(بيانات!$B$3:$B$202,MATCH(22,$V$3:$V$202,0))&" "&INDEX(بيانات!$C$3:$C$202,MATCH(22,$V$3:$V$202,0)),"") | O27: =IFERROR(INDEX(بيانات!$H$3:$H$202,MATCH(22,$V$3:$V$202,0)),"") | S27: =IF(AND(بيانات!$B27<>"",بيانات!$G27="ذكر",بيانات!$H27<13),COUNTA($S$3:S27),"") | T27: =IF(AND(بيانات!$B27<>"",بيانات!$G27="أنثى",بيانات!$H27<13),COUNTA($T$3:T27),"") | U27: =IF(AND(بيانات!$B27<>"",بيانات!$G27="ذكر",بيانات!$H27>=13),COUNTA($U$3:U27),"") | V27: =IF(AND(بيانات!$B27<>"",بيانات!$G27="أنثى",بيانات!$H27>=13),COUNTA($V$3:V27),"")
A28: =IFERROR(INDEX(بيانات!$A$3:$A$202,MATCH(23,$S$3:$S$202,0)),"") | B28: =IFERROR(INDEX(بيانات!$B$3:$B$202,MATCH(23,$S$3:$S$202,0))&" "&INDEX(بيانات!$C$3:$C$202,MATCH(23,$S$3:$S$202,0)),"") | C28: =IFERROR(INDEX(بيانات!$H$3:$H$202,MATCH(23,$S$3:$S$202,0)),"") | E28: =IFERROR(INDEX(بيانات!$A$3:$A$202,MATCH(23,$T$3:$T$202,0)),"") | F28: =IFERROR(INDEX(بيانات!$B$3:$B$202,MATCH(23,$T$3:$T$202,0))&" "&INDEX(بيانات!$C$3:$C$202,MATCH(23,$T$3:$T$202,0)),"") | G28: =IFERROR(INDEX(بيانات!$H$3:$H$202,MATCH(23,$T$3:$T$202,0)),"") | I28: =IFERROR(INDEX(بيانات!$A$3:$A$202,MATCH(23,$U$3:$U$202,0)),"") | J28: =IFERROR(INDEX(بيانات!$B$3:$B$202,MATCH(23,$U$3:$U$202,0))&" "&INDEX(بيانات!$C$3:$C$202,MATCH(23,$U$3:$U$202,0)),"") | K28: =IFERROR(INDEX(بيانات!$H$3:$H$202,MATCH(23,$U$3:$U$202,0)),"") | M28: =IFERROR(INDEX(بيانات!$A$3:$A$202,MATCH(23,$V$3:$V$202,0)),"") | N28: =IFERROR(INDEX(بيانات!$B$3:$B$202,MATCH(23,$V$3:$V$202,0))&" "&INDEX(بيانات!$C$3:$C$202,MATCH(23,$V$3:$V$202,0)),"") | O28: =IFERROR(INDEX(بيانات!$H$3:$H$202,MATCH(23,$V$3:$V$202,0)),"") | S28: =IF(AND(بيانات!$B28<>"",بيانات!$G28="ذكر",بيانات!$H28<13),COUNTA($S$3:S28),"") | T28: =IF(AND(بيانات!$B28<>"",بيانات!$G28="أنثى",بيانات!$H28<13),COUNTA($T$3:T28),"") | U28: =IF(AND(بيانات!$B28<>"",بيانات!$G28="ذكر",بيانات!$H28>=13),COUNTA($U$3:U28),"") | V28: =IF(AND(بيانات!$B28<>"",بيانات!$G28="أنثى",بيانات!$H28>=13),COUNTA($V$3:V28),"")
A29: =IFERROR(INDEX(بيانات!$A$3:$A$202,MATCH(24,$S$3:$S$202,0)),"") | B29: =IFERROR(INDEX(بيانات!$B$3:$B$202,MATCH(24,$S$3:$S$202,0))&" "&INDEX(بيانات!$C$3:$C$202,MATCH(24,$S$3:$S$202,0)),"") | C29: =IFERROR(INDEX(بيانات!$H$3:$H$202,MATCH(24,$S$3:$S$202,0)),"") | E29: =IFERROR(INDEX(بيانات!$A$3:$A$202,MATCH(24,$T$3:$T$202,0)),"") | F29: =IFERROR(INDEX(بيانات!$B$3:$B$202,MATCH(24,$T$3:$T$202,0))&" "&INDEX(بيانات!$C$3:$C$202,MATCH(24,$T$3:$T$202,0)),"") | G29: =IFERROR(INDEX(بيانات!$H$3:$H$202,MATCH(24,$T$3:$T$202,0)),"") | I29: =IFERROR(INDEX(بيانات!$A$3:$A$202,MATCH(24,$U$3:$U$202,0)),"") | J29: =IFERROR(INDEX(بيانات!$B$3:$B$202,MATCH(24,$U$3:$U$202,0))&" "&INDEX(بيانات!$C$3:$C$202,MATCH(24,$U$3:$U$202,0)),"") | K29: =IFERROR(INDEX(بيانات!$H$3:$H$202,MATCH(24,$U$3:$U$202,0)),"") | M29: =IFERROR(INDEX(بيانات!$A$3:$A$202,MATCH(24,$V$3:$V$202,0)),"") | N29: =IFERROR(INDEX(بيانات!$B$3:$B$202,MATCH(24,$V$3:$V$202,0))&" "&INDEX(بيانات!$C$3:$C$202,MATCH(24,$V$3:$V$202,0)),"") | O29: =IFERROR(INDEX(بيانات!$H$3:$H$202,MATCH(24,$V$3:$V$202,0)),"") | S29: =IF(AND(بيانات!$B29<>"",بيانات!$G29="ذكر",بيانات!$H29<13),COUNTA($S$3:S29),"") | T29: =IF(AND(بيانات!$B29<>"",بيانات!$G29="أنثى",بيانات!$H29<13),COUNTA($T$3:T29),"") | U29: =IF(AND(بيانات!$B29<>"",بيانات!$G29="ذكر",بيانات!$H29>=13),COUNTA($U$3:U29),"") | V29: =IF(AND(بيانات!$B29<>"",بيانات!$G29="أنثى",بيانات!$H29>=13),COUNTA($V$3:V29),"")
A30: =IFERROR(INDEX(بيانات!$A$3:$A$202,MATCH(25,$S$3:$S$202,0)),"") | B30: =IFERROR(INDEX(بيانات!$B$3:$B$202,MATCH(25,$S$3:$S$202,0))&" "&INDEX(بيانات!$C$3:$C$202,MATCH(25,$S$3:$S$202,0)),"") | C30: =IFERROR(INDEX(بيانات!$H$3:$H$202,MATCH(25,$S$3:$S$202,0)),"") | E30: =IFERROR(INDEX(بيانات!$A$3:$A$202,MATCH(25,$T$3:$T$202,0)),"") | F30: =IFERROR(INDEX(بيانات!$B$3:$B$202,MATCH(25,$T$3:$T$202,0))&" "&INDEX(بيانات!$C$3:$C$202,MATCH(25,$T$3:$T$202,0)),"") | G30: =IFERROR(INDEX(بيانات!$H$3:$H$202,MATCH(25,$T$3:$T$202,0)),"") | I30: =IFERROR(INDEX(بيانات!$A$3:$A$202,MATCH(25,$U$3:$U$202,0)),"") | J30: =IFERROR(INDEX(بيانات!$B$3:$B$202,MATCH(25,$U$3:$U$202,0))&" "&INDEX(بيانات!$C$3:$C$202,MATCH(25,$U$3:$U$202,0)),"") | K30: =IFERROR(INDEX(بيانات!$H$3:$H$202,MATCH(25,$U$3:$U$202,0)),"") | M30: =IFERROR(INDEX(بيانات!$A$3:$A$202,MATCH(25,$V$3:$V$202,0)),"") | N30: =IFERROR(INDEX(بيانات!$B$3:$B$202,MATCH(25,$V$3:$V$202,0))&" "&INDEX(بيانات!$C$3:$C$202,MATCH(25,$V$3:$V$202,0)),"") | O30: =IFERROR(INDEX(بيانات!$H$3:$H$202,MATCH(25,$V$3:$V$202,0)),"") | S30: =IF(AND(بيانات!$B30<>"",بيانات!$G30="ذكر",بيانات!$H30<13),COUNTA($S$3:S30),"") | T30: =IF(AND(بيانات!$B30<>"",بيانات!$G30="أنثى",بيانات!$H30<13),COUNTA($T$3:T30),"") | U30: =IF(AND(بيانات!$B30<>"",بيانات!$G30="ذكر",بيانات!$H30>=13),COUNTA($U$3:U30),"") | V30: =IF(AND(بيانات!$B30<>"",بيانات!$G30="أنثى",بيانات!$H30>=13),COUNTA($V$3:V30),"")
A31: =IFERROR(INDEX(بيانات!$A$3:$A$202,MATCH(26,$S$3:$S$202,0)),"") | B31: =IFERROR(INDEX(بيانات!$B$3:$B$202,MATCH(26,$S$3:$S$202,0))&" "&INDEX(بيانات!$C$3:$C$202,MATCH(26,$S$3:$S$202,0)),"") | C31: =IFERROR(INDEX(بيانات!$H$3:$H$202,MATCH(26,$S$3:$S$202,0)),"") | E31: =IFERROR(INDEX(بيانات!$A$3:$A$202,MATCH(26,$T$3:$T$202,0)),"") | F31: =IFERROR(INDEX(بيانات!$B$3:$B$202,MATCH(26,$T$3:$T$202,0))&" "&INDEX(بيانات!$C$3:$C$202,MATCH(26,$T$3:$T$202,0)),"") | G31: =IFERROR(INDEX(بيانات!$H$3:$H$202,MATCH(26,$T$3:$T$202,0)),"") | I31: =IFERROR(INDEX(بيانات!$A$3:$A$202,MATCH(26,$U$3:$U$202,0)),"") | J31: =IFERROR(INDEX(بيانات!$B$3:$B$202,MATCH(26,$U$3:$U$202,0))&" "&INDEX(بيانات!$C$3:$C$202,MATCH(26,$U$3:$U$202,0)),"") | K31: =IFERROR(INDEX(بيانات!$H$3:$H$202,MATCH(26,$U$3:$U$202,0)),"") | M31: =IFERROR(INDEX(بيانات!$A$3:$A$202,MATCH(26,$V$3:$V$202,0)),"") | N31: =IFERROR(INDEX(بيانات!$B$3:$B$202,MATCH(26,$V$3:$V$202,0))&" "&INDEX(بيانات!$C$3:$C$202,MATCH(26,$V$3:$V$202,0)),"") | O31: =IFERROR(INDEX(بيانات!$H$3:$H$202,MATCH(26,$V$3:$V$202,0)),"") | S31: =IF(AND(بيانات!$B31<>"",بيانات!$G31="ذكر",بيانات!$H31<13),COUNTA($S$3:S31),"") | T31: =IF(AND(بيانات!$B31<>"",بيانات!$G31="أنثى",بيانات!$H31<13),COUNTA($T$3:T31),"") | U31: =IF(AND(بيانات!$B31<>"",بيانات!$G31="ذكر",بيانات!$H31>=13),COUNTA($U$3:U31),"") | V31: =IF(AND(بيانات!$B31<>"",بيانات!$G31="أنثى",بيانات!$H31>=13),COUNTA($V$3:V31),"")
A32: =IFERROR(INDEX(بيانات!$A$3:$A$202,MATCH(27,$S$3:$S$202,0)),"") | B32: =IFERROR(INDEX(بيانات!$B$3:$B$202,MATCH(27,$S$3:$S$202,0))&" "&INDEX(بيانات!$C$3:$C$202,MATCH(27,$S$3:$S$202,0)),"") | C32: =IFERROR(INDEX(بيانات!$H$3:$H$202,MATCH(27,$S$3:$S$202,0)),"") | E32: =IFERROR(INDEX(بيانات!$A$3:$A$202,MATCH(27,$T$3:$T$202,0)),"") | F32: =IFERROR(INDEX(بيانات!$B$3:$B$202,MATCH(27,$T$3:$T$202,0))&" "&INDEX(بيانات!$C$3:$C$202,MATCH(27,$T$3:$T$202,0)),"") | G32: =IFERROR(INDEX(بيانات!$H$3:$H$202,MATCH(27,$T$3:$T$202,0)),"") | I32: =IFERROR(INDEX(بيانات!$A$3:$A$202,MATCH(27,$U$3:$U$202,0)),"") | J32: =IFERROR(INDEX(بيانات!$B$3:$B$202,MATCH(27,$U$3:$U$202,0))&" "&INDEX(بيانات!$C$3:$C$202,MATCH(27,$U$3:$U$202,0)),"") | K32: =IFERROR(INDEX(بيانات!$H$3:$H$202,MATCH(27,$U$3:$U$202,0)),"") | M32: =IFERROR(INDEX(بيانات!$A$3:$A$202,MATCH(27,$V$3:$V$202,0)),"") | N32: =IFERROR(INDEX(بيانات!$B$3:$B$202,MATCH(27,$V$3:$V$202,0))&" "&INDEX(بيانات!$C$3:$C$202,MATCH(27,$V$3:$V$202,0)),"") | O32: =IFERROR(INDEX(بيانات!$H$3:$H$202,MATCH(27,$V$3:$V$202,0)),"") | S32: =IF(AND(بيانات!$B32<>"",بيانات!$G32="ذكر",بيانات!$H32<13),COUNTA($S$3:S32),"") | T32: =IF(AND(بيانات!$B32<>"",بيانات!$G32="أنثى",بيانات!$H32<13),COUNTA($T$3:T32),"") | U32: =IF(AND(بيانات!$B32<>"",بيانات!$G32="ذكر",بيانات!$H32>=13),COUNTA($U$3:U32),"") | V32: =IF(AND(بيانات!$B32<>"",بيانات!$G32="أنثى",بيانات!$H32>=13),COUNTA($V$3:V32),"")
A33: =IFERROR(INDEX(بيانات!$A$3:$A$202,MATCH(28,$S$3:$S$202,0)),"") | B33: =IFERROR(INDEX(بيانات!$B$3:$B$202,MATCH(28,$S$3:$S$202,0))&" "&INDEX(بيانات!$C$3:$C$202,MATCH(28,$S$3:$S$202,0)),"") | C33: =IFERROR(INDEX(بيانات!$H$3:$H$202,MATCH(28,$S$3:$S$202,0)),"") | E33: =IFERROR(INDEX(بيانات!$A$3:$A$202,MATCH(28,$T$3:$T$202,0)),"") | F33: =IFERROR(INDEX(بيانات!$B$3:$B$202,MATCH(28,$T$3:$T$202,0))&" "&INDEX(بيانات!$C$3:$C$202,MATCH(28,$T$3:$T$202,0)),"") | G33: =IFERROR(INDEX(بيانات!$H$3:$H$202,MATCH(28,$T$3:$T$202,0)),"") | I33: =IFERROR(INDEX(بيانات!$A$3:$A$202,MATCH(28,$U$3:$U$202,0)),"") | J33: =IFERROR(INDEX(بيانات!$B$3:$B$202,MATCH(28,$U$3:$U$202,0))&" "&INDEX(بيانات!$C$3:$C$202,MATCH(28,$U$3:$U$202,0)),"") | K33: =IFERROR(INDEX(بيانات!$H$3:$H$202,MATCH(28,$U$3:$U$202,0)),"") | M33: =IFERROR(INDEX(بيانات!$A$3:$A$202,MATCH(28,$V$3:$V$202,0)),"") | N33: =IFERROR(INDEX(بيانات!$B$3:$B$202,MATCH(28,$V$3:$V$202,0))&" "&INDEX(بيانات!$C$3:$C$202,MATCH(28,$V$3:$V$202,0)),"") | O33: =IFERROR(INDEX(بيانات!$H$3:$H$202,MATCH(28,$V$3:$V$202,0)),"") | S33: =IF(AND(بيانات!$B33<>"",بيانات!$G33="ذكر",بيانات!$H33<13),COUNTA($S$3:S33),"") | T33: =IF(AND(بيانات!$B33<>"",بيانات!$G33="أنثى",بيانات!$H33<13),COUNTA($T$3:T33),"") | U33: =IF(AND(بيانات!$B33<>"",بيانات!$G33="ذكر",بيانات!$H33>=13),COUNTA($U$3:U33),"") | V33: =IF(AND(بيانات!$B33<>"",بيانات!$G33="أنثى",بيانات!$H33>=13),COUNTA($V$3:V33),"")
A34: =IFERROR(INDEX(بيانات!$A$3:$A$202,MATCH(29,$S$3:$S$202,0)),"") | B34: =IFERROR(INDEX(بيانات!$B$3:$B$202,MATCH(29,$S$3:$S$202,0))&" "&INDEX(بيانات!$C$3:$C$202,MATCH(29,$S$3:$S$202,0)),"") | C34: =IFERROR(INDEX(بيانات!$H$3:$H$202,MATCH(29,$S$3:$S$202,0)),"") | E34: =IFERROR(INDEX(بيانات!$A$3:$A$202,MATCH(29,$T$3:$T$202,0)),"") | F34: =IFERROR(INDEX(بيانات!$B$3:$B$202,MATCH(29,$T$3:$T$202,0))&" "&INDEX(بيانات!$C$3:$C$202,MATCH(29,$T$3:$T$202,0)),"") | G34: =IFERROR(INDEX(بيانات!$H$3:$H$202,MATCH(29,$T$3:$T$202,0)),"") | I34: =IFERROR(INDEX(بيانات!$A$3:$A$202,MATCH(29,$U$3:$U$202,0)),"") | J34: =IFERROR(INDEX(بيانات!$B$3:$B$202,MATCH(29,$U$3:$U$202,0))&" "&INDEX(بيانات!$C$3:$C$202,MATCH(29,$U$3:$U$202,0)),"") | K34: =IFERROR(INDEX(بيانات!$H$3:$H$202,MATCH(29,$U$3:$U$202,0)),"") | M34: =IFERROR(INDEX(بيانات!$A$3:$A$202,MATCH(29,$V$3:$V$202,0)),"") | N34: =IFERROR(INDEX(بيانات!$B$3:$B$202,MATCH(29,$V$3:$V$202,0))&" "&INDEX(بيانات!$C$3:$C$202,MATCH(29,$V$3:$V$202,0)),"") | O34: =IFERROR(INDEX(بيانات!$H$3:$H$202,MATCH(29,$V$3:$V$202,0)),"") | S34: =IF(AND(بيانات!$B34<>"",بيانات!$G34="ذكر",بيانات!$H34<13),COUNTA($S$3:S34),"") | T34: =IF(AND(بيانات!$B34<>"",بيانات!$G34="أنثى",بيانات!$H34<13),COUNTA($T$3:T34),"") | U34: =IF(AND(بيانات!$B34<>"",بيانات!$G34="ذكر",بيانات!$H34>=13),COUNTA($U$3:U34),"") | V34: =IF(AND(بيانات!$B34<>"",بيانات!$G34="أنثى",بيانات!$H34>=13),COUNTA($V$3:V34),"")
A35: =IFERROR(INDEX(بيانات!$A$3:$A$202,MATCH(30,$S$3:$S$202,0)),"") | B35: =IFERROR(INDEX(بيانات!$B$3:$B$202,MATCH(30,$S$3:$S$202,0))&" "&INDEX(بيانات!$C$3:$C$202,MATCH(30,$S$3:$S$202,0)),"") | C35: =IFERROR(INDEX(بيانات!$H$3:$H$202,MATCH(30,$S$3:$S$202,0)),"") | E35: =IFERROR(INDEX(بيانات!$A$3:$A$202,MATCH(30,$T$3:$T$202,0)),"") | F35: =IFERROR(INDEX(بيانات!$B$3:$B$202,MATCH(30,$T$3:$T$202,0))&" "&INDEX(بيانات!$C$3:$C$202,MATCH(30,$T$3:$T$202,0)),"") | G35: =IFERROR(INDEX(بيانات!$H$3:$H$202,MATCH(30,$T$3:$T$202,0)),"") | I35: =IFERROR(INDEX(بيانات!$A$3:$A$202,MATCH(30,$U$3:$U$202,0)),"") | J35: =IFERROR(INDEX(بيانات!$B$3:$B$202,MATCH(30,$U$3:$U$202,0))&" "&INDEX(بيانات!$C$3:$C$202,MATCH(30,$U$3:$U$202,0)),"") | K35: =IFERROR(INDEX(بيانات!$H$3:$H$202,MATCH(30,$U$3:$U$202,0)),"") | M35: =IFERROR(INDEX(بيانات!$A$3:$A$202,MATCH(30,$V$3:$V$202,0)),"") | N35: =IFERROR(INDEX(بيانات!$B$3:$B$202,MATCH(30,$V$3:$V$202,0))&" "&INDEX(بيانات!$C$3:$C$202,MATCH(30,$V$3:$V$202,0)),"") | O35: =IFERROR(INDEX(بيانات!$H$3:$H$202,MATCH(30,$V$3:$V$202,0)),"") | S35: =IF(AND(بيانات!$B35<>"",بيانات!$G35="ذكر",بيانات!$H35<13),COUNTA($S$3:S35),"") | T35: =IF(AND(بيانات!$B35<>"",بيانات!$G35="أنثى",بيانات!$H35<13),COUNTA($T$3:T35),"") | U35: =IF(AND(بيانات!$B35<>"",بيانات!$G35="ذكر",بيانات!$H35>=13),COUNTA($U$3:U35),"") | V35: =IF(AND(بيانات!$B35<>"",بيانات!$G35="أنثى",بيانات!$H35>=13),COUNTA($V$3:V35),"")
A36: =IFERROR(INDEX(بيانات!$A$3:$A$202,MATCH(31,$S$3:$S$202,0)),"") | B36: =IFERROR(INDEX(بيانات!$B$3:$B$202,MATCH(31,$S$3:$S$202,0))&" "&INDEX(بيانات!$C$3:$C$202,MATCH(31,$S$3:$S$202,0)),"") | C36: =IFERROR(INDEX(بيانات!$H$3:$H$202,MATCH(31,$S$3:$S$202,0)),"") | E36: =IFERROR(INDEX(بيانات!$A$3:$A$202,MATCH(31,$T$3:$T$202,0)),"") | F36: =IFERROR(INDEX(بيانات!$B$3:$B$202,MATCH(31,$T$3:$T$202,0))&" "&INDEX(بيانات!$C$3:$C$202,MATCH(31,$T$3:$T$202,0)),"") | G36: =IFERROR(INDEX(بيانات!$H$3:$H$202,MATCH(31,$T$3:$T$202,0)),"") | I36: =IFERROR(INDEX(بيانات!$A$3:$A$202,MATCH(31,$U$3:$U$202,0)),"") | J36: =IFERROR(INDEX(بيانات!$B$3:$B$202,MATCH(31,$U$3:$U$202,0))&" "&INDEX(بيانات!$C$3:$C$202,MATCH(31,$U$3:$U$202,0)),"") | K36: =IFERROR(INDEX(بيانات!$H$3:$H$202,MATCH(31,$U$3:$U$202,0)),"") | M36: =IFERROR(INDEX(بيانات!$A$3:$A$202,MATCH(31,$V$3:$V$202,0)),"") | N36: =IFERROR(INDEX(بيانات!$B$3:$B$202,MATCH(31,$V$3:$V$202,0))&" "&INDEX(بيانات!$C$3:$C$202,MATCH(31,$V$3:$V$202,0)),"") | O36: =IFERROR(INDEX(بيانات!$H$3:$H$202,MATCH(31,$V$3:$V$202,0)),"") | S36: =IF(AND(بيانات!$B36<>"",بيانات!$G36="ذكر",بيانات!$H36<13),COUNTA($S$3:S36),"") | T36: =IF(AND(بيانات!$B36<>"",بيانات!$G36="أنثى",بيانات!$H36<13),COUNTA($T$3:T36),"") | U36: =IF(AND(بيانات!$B36<>"",بيانات!$G36="ذكر",بيانات!$H36>=13),COUNTA($U$3:U36),"") | V36: =IF(AND(بيانات!$B36<>"",بيانات!$G36="أنثى",بيانات!$H36>=13),COUNTA($V$3:V36),"")
A37: =IFERROR(INDEX(بيانات!$A$3:$A$202,MATCH(32,$S$3:$S$202,0)),"") | B37: =IFERROR(INDEX(بيانات!$B$3:$B$202,MATCH(32,$S$3:$S$202,0))&" "&INDEX(بيانات!$C$3:$C$202,MATCH(32,$S$3:$S$202,0)),"") | C37: =IFERROR(INDEX(بيانات!$H$3:$H$202,MATCH(32,$S$3:$S$202,0)),"") | E37: =IFERROR(INDEX(بيانات!$A$3:$A$202,MATCH(32,$T$3:$T$202,0)),"") | F37: =IFERROR(INDEX(بيانات!$B$3:$B$202,MATCH(32,$T$3:$T$202,0))&" "&INDEX(بيانات!$C$3:$C$202,MATCH(32,$T$3:$T$202,0)),"") | G37: =IFERROR(INDEX(بيانات!$H$3:$H$202,MATCH(32,$T$3:$T$202,0)),"") | I37: =IFERROR(INDEX(بيانات!$A$3:$A$202,MATCH(32,$U$3:$U$202,0)),"") | J37: =IFERROR(INDEX(بيانات!$B$3:$B$202,MATCH(32,$U$3:$U$202,0))&" "&INDEX(بيانات!$C$3:$C$202,MATCH(32,$U$3:$U$202,0)),"") | K37: =IFERROR(INDEX(بيانات!$H$3:$H$202,MATCH(32,$U$3:$U$202,0)),"") | M37: =IFERROR(INDEX(بيانات!$A$3:$A$202,MATCH(32,$V$3:$V$202,0)),"") | N37: =IFERROR(INDEX(بيانات!$B$3:$B$202,MATCH(32,$V$3:$V$202,0))&" "&INDEX(بيانات!$C$3:$C$202,MATCH(32,$V$3:$V$202,0)),"") | O37: =IFERROR(INDEX(بيانات!$H$3:$H$202,MATCH(32,$V$3:$V$202,0)),"") | S37: =IF(AND(بيانات!$B37<>"",بيانات!$G37="ذكر",بيانات!$H37<13),COUNTA($S$3:S37),"") | T37: =IF(AND(بيانات!$B37<>"",بيانات!$G37="أنثى",بيانات!$H37<13),COUNTA($T$3:T37),"") | U37: =IF(AND(بيانات!$B37<>"",بيانات!$G37="ذكر",بيانات!$H37>=13),COUNTA($U$3:U37),"") | V37: =IF(AND(بيانات!$B37<>"",بيانات!$G37="أنثى",بيانات!$H37>=13),COUNTA($V$3:V37),"")
A38: =IFERROR(INDEX(بيانات!$A$3:$A$202,MATCH(33,$S$3:$S$202,0)),"") | B38: =IFERROR(INDEX(بيانات!$B$3:$B$202,MATCH(33,$S$3:$S$202,0))&" "&INDEX(بيانات!$C$3:$C$202,MATCH(33,$S$3:$S$202,0)),"") | C38: =IFERROR(INDEX(بيانات!$H$3:$H$202,MATCH(33,$S$3:$S$202,0)),"") | E38: =IFERROR(INDEX(بيانات!$A$3:$A$202,MATCH(33,$T$3:$T$202,0)),"") | F38: =IFERROR(INDEX(بيانات!$B$3:$B$202,MATCH(33,$T$3:$T$202,0))&" "&INDEX(بيانات!$C$3:$C$202,MATCH(33,$T$3:$T$202,0)),"") | G38: =IFERROR(INDEX(بيانات!$H$3:$H$202,MATCH(33,$T$3:$T$202,0)),"") | I38: =IFERROR(INDEX(بيانات!$A$3:$A$202,MATCH(33,$U$3:$U$202,0)),"") | J38: =IFERROR(INDEX(بيانات!$B$3:$B$202,MATCH(33,$U$3:$U$202,0))&" "&INDEX(بيانات!$C$3:$C$202,MATCH(33,$U$3:$U$202,0)),"") | K38: =IFERROR(INDEX(بيانات!$H$3:$H$202,MATCH(33,$U$3:$U$202,0)),"") | M38: =IFERROR(INDEX(بيانات!$A$3:$A$202,MATCH(33,$V$3:$V$202,0)),"") | N38: =IFERROR(INDEX(بيانات!$B$3:$B$202,MATCH(33,$V$3:$V$202,0))&" "&INDEX(بيانات!$C$3:$C$202,MATCH(33,$V$3:$V$202,0)),"") | O38: =IFERROR(INDEX(بيانات!$H$3:$H$202,MATCH(33,$V$3:$V$202,0)),"") | S38: =IF(AND(بيانات!$B38<>"",بيانات!$G38="ذكر",بيانات!$H38<13),COUNTA($S$3:S38),"") | T38: =IF(AND(بيانات!$B38<>"",بيانات!$G38="أنثى",بيانات!$H38<13),COUNTA($T$3:T38),"") | U38: =IF(AND(بيانات!$B38<>"",بيانات!$G38="ذكر",بيانات!$H38>=13),COUNTA($U$3:U38),"") | V38: =IF(AND(بيانات!$B38<>"",بيانات!$G38="أنثى",بيانات!$H38>=13),COUNTA($V$3:V38),"")
A39: =IFERROR(INDEX(بيانات!$A$3:$A$202,MATCH(34,$S$3:$S$202,0)),"") | B39: =IFERROR(INDEX(بيانات!$B$3:$B$202,MATCH(34,$S$3:$S$202,0))&" "&INDEX(بيانات!$C$3:$C$202,MATCH(34,$S$3:$S$202,0)),"") | C39: =IFERROR(INDEX(بيانات!$H$3:$H$202,MATCH(34,$S$3:$S$202,0)),"") | E39: =IFERROR(INDEX(بيانات!$A$3:$A$202,MATCH(34,$T$3:$T$202,0)),"") | F39: =IFERROR(INDEX(بيانات!$B$3:$B$202,MATCH(34,$T$3:$T$202,0))&" "&INDEX(بيانات!$C$3:$C$202,MATCH(34,$T$3:$T$202,0)),"") | G39: =IFERROR(INDEX(بيانات!$H$3:$H$202,MATCH(34,$T$3:$T$202,0)),"") | I39: =IFERROR(INDEX(بيانات!$A$3:$A$202,MATCH(34,$U$3:$U$202,0)),"") | J39: =IFERROR(INDEX(بيانات!$B$3:$B$202,MATCH(34,$U$3:$U$202,0))&" "&INDEX(بيانات!$C$3:$C$202,MATCH(34,$U$3:$U$202,0)),"") | K39: =IFERROR(INDEX(بيانات!$H$3:$H$202,MATCH(34,$U$3:$U$202,0)),"") | M39: =IFERROR(INDEX(بيانات!$A$3:$A$202,MATCH(34,$V$3:$V$202,0)),"") | N39: =IFERROR(INDEX(بيانات!$B$3:$B$202,MATCH(34,$V$3:$V$202,0))&" "&INDEX(بيانات!$C$3:$C$202,MATCH(34,$V$3:$V$202,0)),"") | O39: =IFERROR(INDEX(بيانات!$H$3:$H$202,MATCH(34,$V$3:$V$202,0)),"") | S39: =IF(AND(بيانات!$B39<>"",بيانات!$G39="ذكر",بيانات!$H39<13),COUNTA($S$3:S39),"") | T39: =IF(AND(بيانات!$B39<>"",بيانات!$G39="أنثى",بيانات!$H39<13),COUNTA($T$3:T39),"") | U39: =IF(AND(بيانات!$B39<>"",بيانات!$G39="ذكر",بيانات!$H39>=13),COUNTA($U$3:U39),"") | V39: =IF(AND(بيانات!$B39<>"",بيانات!$G39="أنثى",بيانات!$H39>=13),COUNTA($V$3:V39),"")
A40: =IFERROR(INDEX(بيانات!$A$3:$A$202,MATCH(35,$S$3:$S$202,0)),"") | B40: =IFERROR(INDEX(بيانات!$B$3:$B$202,MATCH(35,$S$3:$S$202,0))&" "&INDEX(بيانات!$C$3:$C$202,MATCH(35,$S$3:$S$202,0)),"") | C40: =IFERROR(INDEX(بيانات!$H$3:$H$202,MATCH(35,$S$3:$S$202,0)),"") | E40: =IFERROR(INDEX(بيانات!$A$3:$A$202,MATCH(35,$T$3:$T$202,0)),"") | F40: =IFERROR(INDEX(بيانات!$B$3:$B$202,MATCH(35,$T$3:$T$202,0))&" "&INDEX(بيانات!$C$3:$C$202,MATCH(35,$T$3:$T$202,0)),"") | G40: =IFERROR(INDEX(بيانات!$H$3:$H$202,MATCH(35,$T$3:$T$202,0)),"") | I40: =IFERROR(INDEX(بيانات!$A$3:$A$202,MATCH(35,$U$3:$U$202,0)),"") | J40: =IFERROR(INDEX(بيانات!$B$3:$B$202,MATCH(35,$U$3:$U$202,0))&" "&INDEX(بيانات!$C$3:$C$202,MATCH(35,$U$3:$U$202,0)),"") | K40: =IFERROR(INDEX(بيانات!$H$3:$H$202,MATCH(35,$U$3:$U$202,0)),"") | M40: =IFERROR(INDEX(بيانات!$A$3:$A$202,MATCH(35,$V$3:$V$202,0)),"") | N40: =IFERROR(INDEX(بيانات!$B$3:$B$202,MATCH(35,$V$3:$V$202,0))&" "&INDEX(بيانات!$C$3:$C$202,MATCH(35,$V$3:$V$202,0)),"") | O40: =IFERROR(INDEX(بيانات!$H$3:$H$202,MATCH(35,$V$3:$V$202,0)),"") | S40: =IF(AND(بيانات!$B40<>"",بيانات!$G40="ذكر",بيانات!$H40<13),COUNTA($S$3:S40),"") | T40: =IF(AND(بيانات!$B40<>"",بيانات!$G40="أنثى",بيانات!$H40<13),COUNTA($T$3:T40),"") | U40: =IF(AND(بيانات!$B40<>"",بيانات!$G40="ذكر",بيانات!$H40>=13),COUNTA($U$3:U40),"") | V40: =IF(AND(بيانات!$B40<>"",بيانات!$G40="أنثى",بيانات!$H40>=13),COUNTA($V$3:V40),"")
A41: =IFERROR(INDEX(بيانات!$A$3:$A$202,MATCH(36,$S$3:$S$202,0)),"") | B41: =IFERROR(INDEX(بيانات!$B$3:$B$202,MATCH(36,$S$3:$S$202,0))&" "&INDEX(بيانات!$C$3:$C$202,MATCH(36,$S$3:$S$202,0)),"") | C41: =IFERROR(INDEX(بيانات!$H$3:$H$202,MATCH(36,$S$3:$S$202,0)),"") | E41: =IFERROR(INDEX(بيانات!$A$3:$A$202,MATCH(36,$T$3:$T$202,0)),"") | F41: =IFERROR(INDEX(بيانات!$B$3:$B$202,MATCH(36,$T$3:$T$202,0))&" "&INDEX(بيانات!$C$3:$C$202,MATCH(36,$T$3:$T$202,0)),"") | G41: =IFERROR(INDEX(بيانات!$H$3:$H$202,MATCH(36,$T$3:$T$202,0)),"") | I41: =IFERROR(INDEX(بيانات!$A$3:$A$202,MATCH(36,$U$3:$U$202,0)),"") | J41: =IFERROR(INDEX(بيانات!$B$3:$B$202,MATCH(36,$U$3:$U$202,0))&" "&INDEX(بيانات!$C$3:$C$202,MATCH(36,$U$3:$U$202,0)),"") | K41: =IFERROR(INDEX(بيانات!$H$3:$H$202,MATCH(36,$U$3:$U$202,0)),"") | M41: =IFERROR(INDEX(بيانات!$A$3:$A$202,MATCH(36,$V$3:$V$202,0)),"") | N41: =IFERROR(INDEX(بيانات!$B$3:$B$202,MATCH(36,$V$3:$V$202,0))&" "&INDEX(بيانات!$C$3:$C$202,MATCH(36,$V$3:$V$202,0)),"") | O41: =IFERROR(INDEX(بيانات!$H$3:$H$202,MATCH(36,$V$3:$V$202,0)),"") | S41: =IF(AND(بيانات!$B41<>"",بيانات!$G41="ذكر",بيانات!$H41<13),COUNTA($S$3:S41),"") | T41: =IF(AND(بيانات!$B41<>"",بيانات!$G41="أنثى",بيانات!$H41<13),COUNTA($T$3:T41),"") | U41: =IF(AND(بيانات!$B41<>"",بيانات!$G41="ذكر",بيانات!$H41>=13),COUNTA($U$3:U41),"") | V41: =IF(AND(بيانات!$B41<>"",بيانات!$G41="أنثى",بيانات!$H41>=13),COUNTA($V$3:V41),"")
A42: =IFERROR(INDEX(بيانات!$A$3:$A$202,MATCH(37,$S$3:$S$202,0)),"") | B42: =IFERROR(INDEX(بيانات!$B$3:$B$202,MATCH(37,$S$3:$S$202,0))&" "&INDEX(بيانات!$C$3:$C$202,MATCH(37,$S$3:$S$202,0)),"") | C42: =IFERROR(INDEX(بيانات!$H$3:$H$202,MATCH(37,$S$3:$S$202,0)),"") | E42: =IFERROR(INDEX(بيانات!$A$3:$A$202,MATCH(37,$T$3:$T$202,0)),"") | F42: =IFERROR(INDEX(بيانات!$B$3:$B$202,MATCH(37,$T$3:$T$202,0))&" "&INDEX(بيانات!$C$3:$C$202,MATCH(37,$T$3:$T$202,0)),"") | G42: =IFERROR(INDEX(بيانات!$H$3:$H$202,MATCH(37,$T$3:$T$202,0)),"") | I42: =IFERROR(INDEX(بيانات!$A$3:$A$202,MATCH(37,$U$3:$U$202,0)),"") | J42: =IFERROR(INDEX(بيانات!$B$3:$B$202,MATCH(37,$U$3:$U$202,0))&" "&INDEX(بيانات!$C$3:$C$202,MATCH(37,$U$3:$U$202,0)),"") | K42: =IFERROR(INDEX(بيانات!$H$3:$H$202,MATCH(37,$U$3:$U$202,0)),"") | M42: =IFERROR(INDEX(بيانات!$A$3:$A$202,MATCH(37,$V$3:$V$202,0)),"") | N42: =IFERROR(INDEX(بيانات!$B$3:$B$202,MATCH(37,$V$3:$V$202,0))&" "&INDEX(بيانات!$C$3:$C$202,MATCH(37,$V$3:$V$202,0)),"") | O42: =IFERROR(INDEX(بيانات!$H$3:$H$202,MATCH(37,$V$3:$V$202,0)),"") | S42: =IF(AND(بيانات!$B42<>"",بيانات!$G42="ذكر",بيانات!$H42<13),COUNTA($S$3:S42),"") | T42: =IF(AND(بيانات!$B42<>"",بيانات!$G42="أنثى",بيانات!$H42<13),COUNTA($T$3:T42),"") | U42: =IF(AND(بيانات!$B42<>"",بيانات!$G42="ذكر",بيانات!$H42>=13),COUNTA($U$3:U42),"") | V42: =IF(AND(بيانات!$B42<>"",بيانات!$G42="أنثى",بيانات!$H42>=13),COUNTA($V$3:V42),"")
A43: =IFERROR(INDEX(بيانات!$A$3:$A$202,MATCH(38,$S$3:$S$202,0)),"") | B43: =IFERROR(INDEX(بيانات!$B$3:$B$202,MATCH(38,$S$3:$S$202,0))&" "&INDEX(بيانات!$C$3:$C$202,MATCH(38,$S$3:$S$202,0)),"") | C43: =IFERROR(INDEX(بيانات!$H$3:$H$202,MATCH(38,$S$3:$S$202,0)),"") | E43: =IFERROR(INDEX(بيانات!$A$3:$A$202,MATCH(38,$T$3:$T$202,0)),"") | F43: =IFERROR(INDEX(بيانات!$B$3:$B$202,MATCH(38,$T$3:$T$202,0))&" "&INDEX(بيانات!$C$3:$C$202,MATCH(38,$T$3:$T$202,0)),"") | G43: =IFERROR(INDEX(بيانات!$H$3:$H$202,MATCH(38,$T$3:$T$202,0)),"") | I43: =IFERROR(INDEX(بيانات!$A$3:$A$202,MATCH(38,$U$3:$U$202,0)),"") | J43: =IFERROR(INDEX(بيانات!$B$3:$B$202,MATCH(38,$U$3:$U$202,0))&" "&INDEX(بيانات!$C$3:$C$202,MATCH(38,$U$3:$U$202,0)),"") | K43: =IFERROR(INDEX(بيانات!$H$3:$H$202,MATCH(38,$U$3:$U$202,0)),"") | M43: =IFERROR(INDEX(بيانات!$A$3:$A$202,MATCH(38,$V$3:$V$202,0)),"") | N43: =IFERROR(INDEX(بيانات!$B$3:$B$202,MATCH(38,$V$3:$V$202,0))&" "&INDEX(بيانات!$C$3:$C$202,MATCH(38,$V$3:$V$202,0)),"") | O43: =IFERROR(INDEX(بيانات!$H$3:$H$202,MATCH(38,$V$3:$V$202,0)),"") | S43: =IF(AND(بيانات!$B43<>"",بيانات!$G43="ذكر",بيانات!$H43<13),COUNTA($S$3:S43),"") | T43: =IF(AND(بيانات!$B43<>"",بيانات!$G43="أنثى",بيانات!$H43<13),COUNTA($T$3:T43),"") | U43: =IF(AND(بيانات!$B43<>"",بيانات!$G43="ذكر",بيانات!$H43>=13),COUNTA($U$3:U43),"") | V43: =IF(AND(بيانات!$B43<>"",بيانات!$G43="أنثى",بيانات!$H43>=13),COUNTA($V$3:V43),"")
A44: =IFERROR(INDEX(بيانات!$A$3:$A$202,MATCH(39,$S$3:$S$202,0)),"") | B44: =IFERROR(INDEX(بيانات!$B$3:$B$202,MATCH(39,$S$3:$S$202,0))&" "&INDEX(بيانات!$C$3:$C$202,MATCH(39,$S$3:$S$202,0)),"") | C44: =IFERROR(INDEX(بيانات!$H$3:$H$202,MATCH(39,$S$3:$S$202,0)),"") | E44: =IFERROR(INDEX(بيانات!$A$3:$A$202,MATCH(39,$T$3:$T$202,0)),"") | F44: =IFERROR(INDEX(بيانات!$B$3:$B$202,MATCH(39,$T$3:$T$202,0))&" "&INDEX(بيانات!$C$3:$C$202,MATCH(39,$T$3:$T$202,0)),"") | G44: =IFERROR(INDEX(بيانات!$H$3:$H$202,MATCH(39,$T$3:$T$202,0)),"") | I44: =IFERROR(INDEX(بيانات!$A$3:$A$202,MATCH(39,$U$3:$U$202,0)),"") | J44: =IFERROR(INDEX(بيانات!$B$3:$B$202,MATCH(39,$U$3:$U$202,0))&" "&INDEX(بيانات!$C$3:$C$202,MATCH(39,$U$3:$U$202,0)),"") | K44: =IFERROR(INDEX(بيانات!$H$3:$H$202,MATCH(39,$U$3:$U$202,0)),"") | M44: =IFERROR(INDEX(بيانات!$A$3:$A$202,MATCH(39,$V$3:$V$202,0)),"") | N44: =IFERROR(INDEX(بيانات!$B$3:$B$202,MATCH(39,$V$3:$V$202,0))&" "&INDEX(بيانات!$C$3:$C$202,MATCH(39,$V$3:$V$202,0)),"") | O44: =IFERROR(INDEX(بيانات!$H$3:$H$202,MATCH(39,$V$3:$V$202,0)),"") | S44: =IF(AND(بيانات!$B44<>"",بيانات!$G44="ذكر",بيانات!$H44<13),COUNTA($S$3:S44),"") | T44: =IF(AND(بيانات!$B44<>"",بيانات!$G44="أنثى",بيانات!$H44<13),COUNTA($T$3:T44),"") | U44: =IF(AND(بيانات!$B44<>"",بيانات!$G44="ذكر",بيانات!$H44>=13),COUNTA($U$3:U44),"") | V44: =IF(AND(بيانات!$B44<>"",بيانات!$G44="أنثى",بيانات!$H44>=13),COUNTA($V$3:V44),"")
A45: =IFERROR(INDEX(بيانات!$A$3:$A$202,MATCH(40,$S$3:$S$202,0)),"") | B45: =IFERROR(INDEX(بيانات!$B$3:$B$202,MATCH(40,$S$3:$S$202,0))&" "&INDEX(بيانات!$C$3:$C$202,MATCH(40,$S$3:$S$202,0)),"") | C45: =IFERROR(INDEX(بيانات!$H$3:$H$202,MATCH(40,$S$3:$S$202,0)),"") | E45: =IFERROR(INDEX(بيانات!$A$3:$A$202,MATCH(40,$T$3:$T$202,0)),"") | F45: =IFERROR(INDEX(بيانات!$B$3:$B$202,MATCH(40,$T$3:$T$202,0))&" "&INDEX(بيانات!$C$3:$C$202,MATCH(40,$T$3:$T$202,0)),"") | G45: =IFERROR(INDEX(بيانات!$H$3:$H$202,MATCH(40,$T$3:$T$202,0)),"") | I45: =IFERROR(INDEX(بيانات!$A$3:$A$202,MATCH(40,$U$3:$U$202,0)),"") | J45: =IFERROR(INDEX(بيانات!$B$3:$B$202,MATCH(40,$U$3:$U$202,0))&" "&INDEX(بيانات!$C$3:$C$202,MATCH(40,$U$3:$U$202,0)),"") | K45: =IFERROR(INDEX(بيانات!$H$3:$H$202,MATCH(40,$U$3:$U$202,0)),"") | M45: =IFERROR(INDEX(بيانات!$A$3:$A$202,MATCH(40,$V$3:$V$202,0)),"") | N45: =IFERROR(INDEX(بيانات!$B$3:$B$202,MATCH(40,$V$3:$V$202,0))&" "&INDEX(بيانات!$C$3:$C$202,MATCH(40,$V$3:$V$202,0)),"") | O45: =IFERROR(INDEX(بيانات!$H$3:$H$202,MATCH(40,$V$3:$V$202,0)),"") | S45: =IF(AND(بيانات!$B45<>"",بيانات!$G45="ذكر",بيانات!$H45<13),COUNTA($S$3:S45),"") | T45: =IF(AND(بيانات!$B45<>"",بيانات!$G45="أنثى",بيانات!$H45<13),COUNTA($T$3:T45),"") | U45: =IF(AND(بيانات!$B45<>"",بيانات!$G45="ذكر",بيانات!$H45>=13),COUNTA($U$3:U45),"") | V45: =IF(AND(بيانات!$B45<>"",بيانات!$G45="أنثى",بيانات!$H45>=13),COUNTA($V$3:V45),"")
A46: =IFERROR(INDEX(بيانات!$A$3:$A$202,MATCH(41,$S$3:$S$202,0)),"") | B46: =IFERROR(INDEX(بيانات!$B$3:$B$202,MATCH(41,$S$3:$S$202,0))&" "&INDEX(بيانات!$C$3:$C$202,MATCH(41,$S$3:$S$202,0)),"") | C46: =IFERROR(INDEX(بيانات!$H$3:$H$202,MATCH(41,$S$3:$S$202,0)),"") | E46: =IFERROR(INDEX(بيانات!$A$3:$A$202,MATCH(41,$T$3:$T$202,0)),"") | F46: =IFERROR(INDEX(بيانات!$B$3:$B$202,MATCH(41,$T$3:$T$202,0))&" "&INDEX(بيانات!$C$3:$C$202,MATCH(41,$T$3:$T$202,0)),"") | G46: =IFERROR(INDEX(بيانات!$H$3:$H$202,MATCH(41,$T$3:$T$202,0)),"") | I46: =IFERROR(INDEX(بيانات!$A$3:$A$202,MATCH(41,$U$3:$U$202,0)),"") | J46: =IFERROR(INDEX(بيانات!$B$3:$B$202,MATCH(41,$U$3:$U$202,0))&" "&INDEX(بيانات!$C$3:$C$202,MATCH(41,$U$3:$U$202,0)),"") | K46: =IFERROR(INDEX(بيانات!$H$3:$H$202,MATCH(41,$U$3:$U$202,0)),"") | M46: =IFERROR(INDEX(بيانات!$A$3:$A$202,MATCH(41,$V$3:$V$202,0)),"") | N46: =IFERROR(INDEX(بيانات!$B$3:$B$202,MATCH(41,$V$3:$V$202,0))&" "&INDEX(بيانات!$C$3:$C$202,MATCH(41,$V$3:$V$202,0)),"") | O46: =IFERROR(INDEX(بيانات!$H$3:$H$202,MATCH(41,$V$3:$V$202,0)),"") | S46: =IF(AND(بيانات!$B46<>"",بيانات!$G46="ذكر",بيانات!$H46<13),COUNTA($S$3:S46),"") | T46: =IF(AND(بيانات!$B46<>"",بيانات!$G46="أنثى",بيانات!$H46<13),COUNTA($T$3:T46),"") | U46: =IF(AND(بيانات!$B46<>"",بيانات!$G46="ذكر",بيانات!$H46>=13),COUNTA($U$3:U46),"") | V46: =IF(AND(بيانات!$B46<>"",بيانات!$G46="أنثى",بيانات!$H46>=13),COUNTA($V$3:V46),"")
A47: =IFERROR(INDEX(بيانات!$A$3:$A$202,MATCH(42,$S$3:$S$202,0)),"") | B47: =IFERROR(INDEX(بيانات!$B$3:$B$202,MATCH(42,$S$3:$S$202,0))&" "&INDEX(بيانات!$C$3:$C$202,MATCH(42,$S$3:$S$202,0)),"") | C47: =IFERROR(INDEX(بيانات!$H$3:$H$202,MATCH(42,$S$3:$S$202,0)),"") | E47: =IFERROR(INDEX(بيانات!$A$3:$A$202,MATCH(42,$T$3:$T$202,0)),"") | F47: =IFERROR(INDEX(بيانات!$B$3:$B$202,MATCH(42,$T$3:$T$202,0))&" "&INDEX(بيانات!$C$3:$C$202,MATCH(42,$T$3:$T$202,0)),"") | G47: =IFERROR(INDEX(بيانات!$H$3:$H$202,MATCH(42,$T$3:$T$202,0)),"") | I47: =IFERROR(INDEX(بيانات!$A$3:$A$202,MATCH(42,$U$3:$U$202,0)),"") | J47: =IFERROR(INDEX(بيانات!$B$3:$B$202,MATCH(42,$U$3:$U$202,0))&" "&INDEX(بيانات!$C$3:$C$202,MATCH(42,$U$3:$U$202,0)),"") | K47: =IFERROR(INDEX(بيانات!$H$3:$H$202,MATCH(42,$U$3:$U$202,0)),"") | M47: =IFERROR(INDEX(بيانات!$A$3:$A$202,MATCH(42,$V$3:$V$202,0)),"") | N47: =IFERROR(INDEX(بيانات!$B$3:$B$202,MATCH(42,$V$3:$V$202,0))&" "&INDEX(بيانات!$C$3:$C$202,MATCH(42,$V$3:$V$202,0)),"") | O47: =IFERROR(INDEX(بيانات!$H$3:$H$202,MATCH(42,$V$3:$V$202,0)),"") | S47: =IF(AND(بيانات!$B47<>"",بيانات!$G47="ذكر",بيانات!$H47<13),COUNTA($S$3:S47),"") | T47: =IF(AND(بيانات!$B47<>"",بيانات!$G47="أنثى",بيانات!$H47<13),COUNTA($T$3:T47),"") | U47: =IF(AND(بيانات!$B47<>"",بيانات!$G47="ذكر",بيانات!$H47>=13),COUNTA($U$3:U47),"") | V47: =IF(AND(بيانات!$B47<>"",بيانات!$G47="أنثى",بيانات!$H47>=13),COUNTA($V$3:V47),"")
A48: =IFERROR(INDEX(بيانات!$A$3:$A$202,MATCH(43,$S$3:$S$202,0)),"") | B48: =IFERROR(INDEX(بيانات!$B$3:$B$202,MATCH(43,$S$3:$S$202,0))&" "&INDEX(بيانات!$C$3:$C$202,MATCH(43,$S$3:$S$202,0)),"") | C48: =IFERROR(INDEX(بيانات!$H$3:$H$202,MATCH(43,$S$3:$S$202,0)),"") | E48: =IFERROR(INDEX(بيانات!$A$3:$A$202,MATCH(43,$T$3:$T$202,0)),"") | F48: =IFERROR(INDEX(بيانات!$B$3:$B$202,MATCH(43,$T$3:$T$202,0))&" "&INDEX(بيانات!$C$3:$C$202,MATCH(43,$T$3:$T$202,0)),"") | G48: =IFERROR(INDEX(بيانات!$H$3:$H$202,MATCH(43,$T$3:$T$202,0)),"") | I48: =IFERROR(INDEX(بيانات!$A$3:$A$202,MATCH(43,$U$3:$U$202,0)),"") | J48: =IFERROR(INDEX(بيانات!$B$3:$B$202,MATCH(43,$U$3:$U$202,0))&" "&INDEX(بيانات!$C$3:$C$202,MATCH(43,$U$3:$U$202,0)),"") | K48: =IFERROR(INDEX(بيانات!$H$3:$H$202,MATCH(43,$U$3:$U$202,0)),"") | M48: =IFERROR(INDEX(بيانات!$A$3:$A$202,MATCH(43,$V$3:$V$202,0)),"") | N48: =IFERROR(INDEX(بيانات!$B$3:$B$202,MATCH(43,$V$3:$V$202,0))&" "&INDEX(بيانات!$C$3:$C$202,MATCH(43,$V$3:$V$202,0)),"") | O48: =IFERROR(INDEX(بيانات!$H$3:$H$202,MATCH(43,$V$3:$V$202,0)),"") | S48: =IF(AND(بيانات!$B48<>"",بيانات!$G48="ذكر",بيانات!$H48<13),COUNTA($S$3:S48),"") | T48: =IF(AND(بيانات!$B48<>"",بيانات!$G48="أنثى",بيانات!$H48<13),COUNTA($T$3:T48),"") | U48: =IF(AND(بيانات!$B48<>"",بيانات!$G48="ذكر",بيانات!$H48>=13),COUNTA($U$3:U48),"") | V48: =IF(AND(بيانات!$B48<>"",بيانات!$G48="أنثى",بيانات!$H48>=13),COUNTA($V$3:V48),"")
A49: =IFERROR(INDEX(بيانات!$A$3:$A$202,MATCH(44,$S$3:$S$202,0)),"") | B49: =IFERROR(INDEX(بيانات!$B$3:$B$202,MATCH(44,$S$3:$S$202,0))&" "&INDEX(بيانات!$C$3:$C$202,MATCH(44,$S$3:$S$202,0)),"") | C49: =IFERROR(INDEX(بيانات!$H$3:$H$202,MATCH(44,$S$3:$S$202,0)),"") | E49: =IFERROR(INDEX(بيانات!$A$3:$A$202,MATCH(44,$T$3:$T$202,0)),"") | F49: =IFERROR(INDEX(بيانات!$B$3:$B$202,MATCH(44,$T$3:$T$202,0))&" "&INDEX(بيانات!$C$3:$C$202,MATCH(44,$T$3:$T$202,0)),"") | G49: =IFERROR(INDEX(بيانات!$H$3:$H$202,MATCH(44,$T$3:$T$202,0)),"") | I49: =IFERROR(INDEX(بيانات!$A$3:$A$202,MATCH(44,$U$3:$U$202,0)),"") | J49: =IFERROR(INDEX(بيانات!$B$3:$B$202,MATCH(44,$U$3:$U$202,0))&" "&INDEX(بيانات!$C$3:$C$202,MATCH(44,$U$3:$U$202,0)),"") | K49: =IFERROR(INDEX(بيانات!$H$3:$H$202,MATCH(44,$U$3:$U$202,0)),"") | M49: =IFERROR(INDEX(بيانات!$A$3:$A$202,MATCH(44,$V$3:$V$202,0)),"") | N49: =IFERROR(INDEX(بيانات!$B$3:$B$202,MATCH(44,$V$3:$V$202,0))&" "&INDEX(بيانات!$C$3:$C$202,MATCH(44,$V$3:$V$202,0)),"") | O49: =IFERROR(INDEX(بيانات!$H$3:$H$202,MATCH(44,$V$3:$V$202,0)),"") | S49: =IF(AND(بيانات!$B49<>"",بيانات!$G49="ذكر",بيانات!$H49<13),COUNTA($S$3:S49),"") | T49: =IF(AND(بيانات!$B49<>"",بيانات!$G49="أنثى",بيانات!$H49<13),COUNTA($T$3:T49),"") | U49: =IF(AND(بيانات!$B49<>"",بيانات!$G49="ذكر",بيانات!$H49>=13),COUNTA($U$3:U49),"") | V49: =IF(AND(بيانات!$B49<>"",بيانات!$G49="أنثى",بيانات!$H49>=13),COUNTA($V$3:V49),"")
A50: =IFERROR(INDEX(بيانات!$A$3:$A$202,MATCH(45,$S$3:$S$202,0)),"") | B50: =IFERROR(INDEX(بيانات!$B$3:$B$202,MATCH(45,$S$3:$S$202,0))&" "&INDEX(بيانات!$C$3:$C$202,MATCH(45,$S$3:$S$202,0)),"") | C50: =IFERROR(INDEX(بيانات!$H$3:$H$202,MATCH(45,$S$3:$S$202,0)),"") | E50: =IFERROR(INDEX(بيانات!$A$3:$A$202,MATCH(45,$T$3:$T$202,0)),"") | F50: =IFERROR(INDEX(بيانات!$B$3:$B$202,MATCH(45,$T$3:$T$202,0))&" "&INDEX(بيانات!$C$3:$C$202,MATCH(45,$T$3:$T$202,0)),"") | G50: =IFERROR(INDEX(بيانات!$H$3:$H$202,MATCH(45,$T$3:$T$202,0)),"") | I50: =IFERROR(INDEX(بيانات!$A$3:$A$202,MATCH(45,$U$3:$U$202,0)),"") | J50: =IFERROR(INDEX(بيانات!$B$3:$B$202,MATCH(45,$U$3:$U$202,0))&" "&INDEX(بيانات!$C$3:$C$202,MATCH(45,$U$3:$U$202,0)),"") | K50: =IFERROR(INDEX(بيانات!$H$3:$H$202,MATCH(45,$U$3:$U$202,0)),"") | M50: =IFERROR(INDEX(بيانات!$A$3:$A$202,MATCH(45,$V$3:$V$202,0)),"") | N50: =IFERROR(INDEX(بيانات!$B$3:$B$202,MATCH(45,$V$3:$V$202,0))&" "&INDEX(بيانات!$C$3:$C$202,MATCH(45,$V$3:$V$202,0)),"") | O50: =IFERROR(INDEX(بيانات!$H$3:$H$202,MATCH(45,$V$3:$V$202,0)),"") | S50: =IF(AND(بيانات!$B50<>"",بيانات!$G50="ذكر",بيانات!$H50<13),COUNTA($S$3:S50),"") | T50: =IF(AND(بيانات!$B50<>"",بيانات!$G50="أنثى",بيانات!$H50<13),COUNTA($T$3:T50),"") | U50: =IF(AND(بيانات!$B50<>"",بيانات!$G50="ذكر",بيانات!$H50>=13),COUNTA($U$3:U50),"") | V50: =IF(AND(بيانات!$B50<>"",بيانات!$G50="أنثى",بيانات!$H50>=13),COUNTA($V$3:V50),"")
A51: =IFERROR(INDEX(بيانات!$A$3:$A$202,MATCH(46,$S$3:$S$202,0)),"") | B51: =IFERROR(INDEX(بيانات!$B$3:$B$202,MATCH(46,$S$3:$S$202,0))&" "&INDEX(بيانات!$C$3:$C$202,MATCH(46,$S$3:$S$202,0)),"") | C51: =IFERROR(INDEX(بيانات!$H$3:$H$202,MATCH(46,$S$3:$S$202,0)),"") | E51: =IFERROR(INDEX(بيانات!$A$3:$A$202,MATCH(46,$T$3:$T$202,0)),"") | F51: =IFERROR(INDEX(بيانات!$B$3:$B$202,MATCH(46,$T$3:$T$202,0))&" "&INDEX(بيانات!$C$3:$C$202,MATCH(46,$T$3:$T$202,0)),"") | G51: =IFERROR(INDEX(بيانات!$H$3:$H$202,MATCH(46,$T$3:$T$202,0)),"") | I51: =IFERROR(INDEX(بيانات!$A$3:$A$202,MATCH(46,$U$3:$U$202,0)),"") | J51: =IFERROR(INDEX(بيانات!$B$3:$B$202,MATCH(46,$U$3:$U$202,0))&" "&INDEX(بيانات!$C$3:$C$202,MATCH(46,$U$3:$U$202,0)),"") | K51: =IFERROR(INDEX(بيانات!$H$3:$H$202,MATCH(46,$U$3:$U$202,0)),"") | M51: =IFERROR(INDEX(بيانات!$A$3:$A$202,MATCH(46,$V$3:$V$202,0)),"") | N51: =IFERROR(INDEX(بيانات!$B$3:$B$202,MATCH(46,$V$3:$V$202,0))&" "&INDEX(بيانات!$C$3:$C$202,MATCH(46,$V$3:$V$202,0)),"") | O51: =IFERROR(INDEX(بيانات!$H$3:$H$202,MATCH(46,$V$3:$V$202,0)),"") | S51: =IF(AND(بيانات!$B51<>"",بيانات!$G51="ذكر",بيانات!$H51<13),COUNTA($S$3:S51),"") | T51: =IF(AND(بيانات!$B51<>"",بيانات!$G51="أنثى",بيانات!$H51<13),COUNTA($T$3:T51),"") | U51: =IF(AND(بيانات!$B51<>"",بيانات!$G51="ذكر",بيانات!$H51>=13),COUNTA($U$3:U51),"") | V51: =IF(AND(بيانات!$B51<>"",بيانات!$G51="أنثى",بيانات!$H51>=13),COUNTA($V$3:V51),"")
A52: =IFERROR(INDEX(بيانات!$A$3:$A$202,MATCH(47,$S$3:$S$202,0)),"") | B52: =IFERROR(INDEX(بيانات!$B$3:$B$202,MATCH(47,$S$3:$S$202,0))&" "&INDEX(بيانات!$C$3:$C$202,MATCH(47,$S$3:$S$202,0)),"") | C52: =IFERROR(INDEX(بيانات!$H$3:$H$202,MATCH(47,$S$3:$S$202,0)),"") | E52: =IFERROR(INDEX(بيانات!$A$3:$A$202,MATCH(47,$T$3:$T$202,0)),"") | F52: =IFERROR(INDEX(بيانات!$B$3:$B$202,MATCH(47,$T$3:$T$202,0))&" "&INDEX(بيانات!$C$3:$C$202,MATCH(47,$T$3:$T$202,0)),"") | G52: =IFERROR(INDEX(بيانات!$H$3:$H$202,MATCH(47,$T$3:$T$202,0)),"") | I52: =IFERROR(INDEX(بيانات!$A$3:$A$202,MATCH(47,$U$3:$U$202,0)),"") | J52: =IFERROR(INDEX(بيانات!$B$3:$B$202,MATCH(47,$U$3:$U$202,0))&" "&INDEX(بيانات!$C$3:$C$202,MATCH(47,$U$3:$U$202,0)),"") | K52: =IFERROR(INDEX(بيانات!$H$3:$H$202,MATCH(47,$U$3:$U$202,0)),"") | M52: =IFERROR(INDEX(بيانات!$A$3:$A$202,MATCH(47,$V$3:$V$202,0)),"") | N52: =IFERROR(INDEX(بيانات!$B$3:$B$202,MATCH(47,$V$3:$V$202,0))&" "&INDEX(بيانات!$C$3:$C$202,MATCH(47,$V$3:$V$202,0)),"") | O52: =IFERROR(INDEX(بيانات!$H$3:$H$202,MATCH(47,$V$3:$V$202,0)),"") | S52: =IF(AND(بيانات!$B52<>"",بيانات!$G52="ذكر",بيانات!$H52<13),COUNTA($S$3:S52),"") | T52: =IF(AND(بيانات!$B52<>"",بيانات!$G52="أنثى",بيانات!$H52<13),COUNTA($T$3:T52),"") | U52: =IF(AND(بيانات!$B52<>"",بيانات!$G52="ذكر",بيانات!$H52>=13),COUNTA($U$3:U52),"") | V52: =IF(AND(بيانات!$B52<>"",بيانات!$G52="أنثى",بيانات!$H52>=13),COUNTA($V$3:V52),"")
A53: =IFERROR(INDEX(بيانات!$A$3:$A$202,MATCH(48,$S$3:$S$202,0)),"") | B53: =IFERROR(INDEX(بيانات!$B$3:$B$202,MATCH(48,$S$3:$S$202,0))&" "&INDEX(بيانات!$C$3:$C$202,MATCH(48,$S$3:$S$202,0)),"") | C53: =IFERROR(INDEX(بيانات!$H$3:$H$202,MATCH(48,$S$3:$S$202,0)),"") | E53: =IFERROR(INDEX(بيانات!$A$3:$A$202,MATCH(48,$T$3:$T$202,0)),"") | F53: =IFERROR(INDEX(بيانات!$B$3:$B$202,MATCH(48,$T$3:$T$202,0))&" "&INDEX(بيانات!$C$3:$C$202,MATCH(48,$T$3:$T$202,0)),"") | G53: =IFERROR(INDEX(بيانات!$H$3:$H$202,MATCH(48,$T$3:$T$202,0)),"") | I53: =IFERROR(INDEX(بيانات!$A$3:$A$202,MATCH(48,$U$3:$U$202,0)),"") | J53: =IFERROR(INDEX(بيانات!$B$3:$B$202,MATCH(48,$U$3:$U$202,0))&" "&INDEX(بيانات!$C$3:$C$202,MATCH(48,$U$3:$U$202,0)),"") | K53: =IFERROR(INDEX(بيانات!$H$3:$H$202,MATCH(48,$U$3:$U$202,0)),"") | M53: =IFERROR(INDEX(بيانات!$A$3:$A$202,MATCH(48,$V$3:$V$202,0)),"") | N53: =IFERROR(INDEX(بيانات!$B$3:$B$202,MATCH(48,$V$3:$V$202,0))&" "&INDEX(بيانات!$C$3:$C$202,MATCH(48,$V$3:$V$202,0)),"") | O53: =IFERROR(INDEX(بيانات!$H$3:$H$202,MATCH(48,$V$3:$V$202,0)),"") | S53: =IF(AND(بيانات!$B53<>"",بيانات!$G53="ذكر",بيانات!$H53<13),COUNTA($S$3:S53),"") | T53: =IF(AND(بيانات!$B53<>"",بيانات!$G53="أنثى",بيانات!$H53<13),COUNTA($T$3:T53),"") | U53: =IF(AND(بيانات!$B53<>"",بيانات!$G53="ذكر",بيانات!$H53>=13),COUNTA($U$3:U53),"") | V53: =IF(AND(بيانات!$B53<>"",بيانات!$G53="أنثى",بيانات!$H53>=13),COUNTA($V$3:V53),"")
A54: =IFERROR(INDEX(بيانات!$A$3:$A$202,MATCH(49,$S$3:$S$202,0)),"") | B54: =IFERROR(INDEX(بيانات!$B$3:$B$202,MATCH(49,$S$3:$S$202,0))&" "&INDEX(بيانات!$C$3:$C$202,MATCH(49,$S$3:$S$202,0)),"") | C54: =IFERROR(INDEX(بيانات!$H$3:$H$202,MATCH(49,$S$3:$S$202,0)),"") | E54: =IFERROR(INDEX(بيانات!$A$3:$A$202,MATCH(49,$T$3:$T$202,0)),"") | F54: =IFERROR(INDEX(بيانات!$B$3:$B$202,MATCH(49,$T$3:$T$202,0))&" "&INDEX(بيانات!$C$3:$C$202,MATCH(49,$T$3:$T$202,0)),"") | G54: =IFERROR(INDEX(بيانات!$H$3:$H$202,MATCH(49,$T$3:$T$202,0)),"") | I54: =IFERROR(INDEX(بيانات!$A$3:$A$202,MATCH(49,$U$3:$U$202,0)),"") | J54: =IFERROR(INDEX(بيانات!$B$3:$B$202,MATCH(49,$U$3:$U$202,0))&" "&INDEX(بيانات!$C$3:$C$202,MATCH(49,$U$3:$U$202,0)),"") | K54: =IFERROR(INDEX(بيانات!$H$3:$H$202,MATCH(49,$U$3:$U$202,0)),"") | M54: =IFERROR(INDEX(بيانات!$A$3:$A$202,MATCH(49,$V$3:$V$202,0)),"") | N54: =IFERROR(INDEX(بيانات!$B$3:$B$202,MATCH(49,$V$3:$V$202,0))&" "&INDEX(بيانات!$C$3:$C$202,MATCH(49,$V$3:$V$202,0)),"") | O54: =IFERROR(INDEX(بيانات!$H$3:$H$202,MATCH(49,$V$3:$V$202,0)),"") | S54: =IF(AND(بيانات!$B54<>"",بيانات!$G54="ذكر",بيانات!$H54<13),COUNTA($S$3:S54),"") | T54: =IF(AND(بيانات!$B54<>"",بيانات!$G54="أنثى",بيانات!$H54<13),COUNTA($T$3:T54),"") | U54: =IF(AND(بيانات!$B54<>"",بيانات!$G54="ذكر",بيانات!$H54>=13),COUNTA($U$3:U54),"") | V54: =IF(AND(بيانات!$B54<>"",بيانات!$G54="أنثى",بيانات!$H54>=13),COUNTA($V$3:V54),"")
A55: =IFERROR(INDEX(بيانات!$A$3:$A$202,MATCH(50,$S$3:$S$202,0)),"") | B55: =IFERROR(INDEX(بيانات!$B$3:$B$202,MATCH(50,$S$3:$S$202,0))&" "&INDEX(بيانات!$C$3:$C$202,MATCH(50,$S$3:$S$202,0)),"") | C55: =IFERROR(INDEX(بيانات!$H$3:$H$202,MATCH(50,$S$3:$S$202,0)),"") | E55: =IFERROR(INDEX(بيانات!$A$3:$A$202,MATCH(50,$T$3:$T$202,0)),"") | F55: =IFERROR(INDEX(بيانات!$B$3:$B$202,MATCH(50,$T$3:$T$202,0))&" "&INDEX(بيانات!$C$3:$C$202,MATCH(50,$T$3:$T$202,0)),"") | G55: =IFERROR(INDEX(بيانات!$H$3:$H$202,MATCH(50,$T$3:$T$202,0)),"") | I55: =IFERROR(INDEX(بيانات!$A$3:$A$202,MATCH(50,$U$3:$U$202,0)),"") | J55: =IFERROR(INDEX(بيانات!$B$3:$B$202,MATCH(50,$U$3:$U$202,0))&" "&INDEX(بيانات!$C$3:$C$202,MATCH(50,$U$3:$U$202,0)),"") | K55: =IFERROR(INDEX(بيانات!$H$3:$H$202,MATCH(50,$U$3:$U$202,0)),"") | M55: =IFERROR(INDEX(بيانات!$A$3:$A$202,MATCH(50,$V$3:$V$202,0)),"") | N55: =IFERROR(INDEX(بيانات!$B$3:$B$202,MATCH(50,$V$3:$V$202,0))&" "&INDEX(بيانات!$C$3:$C$202,MATCH(50,$V$3:$V$202,0)),"") | O55: =IFERROR(INDEX(بيانات!$H$3:$H$202,MATCH(50,$V$3:$V$202,0)),"") | S55: =IF(AND(بيانات!$B55<>"",بيانات!$G55="ذكر",بيانات!$H55<13),COUNTA($S$3:S55),"") | T55: =IF(AND(بيانات!$B55<>"",بيانات!$G55="أنثى",بيانات!$H55<13),COUNTA($T$3:T55),"") | U55: =IF(AND(بيانات!$B55<>"",بيانات!$G55="ذكر",بيانات!$H55>=13),COUNTA($U$3:U55),"") | V55: =IF(AND(بيانات!$B55<>"",بيانات!$G55="أنثى",بيانات!$H55>=13),COUNTA($V$3:V55),"")
A56: =IFERROR(INDEX(بيانات!$A$3:$A$202,MATCH(51,$S$3:$S$202,0)),"") | B56: =IFERROR(INDEX(بيانات!$B$3:$B$202,MATCH(51,$S$3:$S$202,0))&" "&INDEX(بيانات!$C$3:$C$202,MATCH(51,$S$3:$S$202,0)),"") | C56: =IFERROR(INDEX(بيانات!$H$3:$H$202,MATCH(51,$S$3:$S$202,0)),"") | E56: =IFERROR(INDEX(بيانات!$A$3:$A$202,MATCH(51,$T$3:$T$202,0)),"") | F56: =IFERROR(INDEX(بيانات!$B$3:$B$202,MATCH(51,$T$3:$T$202,0))&" "&INDEX(بيانات!$C$3:$C$202,MATCH(51,$T$3:$T$202,0)),"") | G56: =IFERROR(INDEX(بيانات!$H$3:$H$202,MATCH(51,$T$3:$T$202,0)),"") | I56: =IFERROR(INDEX(بيانات!$A$3:$A$202,MATCH(51,$U$3:$U$202,0)),"") | J56: =IFERROR(INDEX(بيانات!$B$3:$B$202,MATCH(51,$U$3:$U$202,0))&" "&INDEX(بيانات!$C$3:$C$202,MATCH(51,$U$3:$U$202,0)),"") | K56: =IFERROR(INDEX(بيانات!$H$3:$H$202,MATCH(51,$U$3:$U$202,0)),"") | M56: =IFERROR(INDEX(بيانات!$A$3:$A$202,MATCH(51,$V$3:$V$202,0)),"") | N56: =IFERROR(INDEX(بيانات!$B$3:$B$202,MATCH(51,$V$3:$V$202,0))&" "&INDEX(بيانات!$C$3:$C$202,MATCH(51,$V$3:$V$202,0)),"") | O56: =IFERROR(INDEX(بيانات!$H$3:$H$202,MATCH(51,$V$3:$V$202,0)),"") | S56: =IF(AND(بيانات!$B56<>"",بيانات!$G56="ذكر",بيانات!$H56<13),COUNTA($S$3:S56),"") | T56: =IF(AND(بيانات!$B56<>"",بيانات!$G56="أنثى",بيانات!$H56<13),COUNTA($T$3:T56),"") | U56: =IF(AND(بيانات!$B56<>"",بيانات!$G56="ذكر",بيانات!$H56>=13),COUNTA($U$3:U56),"") | V56: =IF(AND(بيانات!$B56<>"",بيانات!$G56="أنثى",بيانات!$H56>=13),COUNTA($V$3:V56),"")
A57: =IFERROR(INDEX(بيانات!$A$3:$A$202,MATCH(52,$S$3:$S$202,0)),"") | B57: =IFERROR(INDEX(بيانات!$B$3:$B$202,MATCH(52,$S$3:$S$202,0))&" "&INDEX(بيانات!$C$3:$C$202,MATCH(52,$S$3:$S$202,0)),"") | C57: =IFERROR(INDEX(بيانات!$H$3:$H$202,MATCH(52,$S$3:$S$202,0)),"") | E57: =IFERROR(INDEX(بيانات!$A$3:$A$202,MATCH(52,$T$3:$T$202,0)),"") | F57: =IFERROR(INDEX(بيانات!$B$3:$B$202,MATCH(52,$T$3:$T$202,0))&" "&INDEX(بيانات!$C$3:$C$202,MATCH(52,$T$3:$T$202,0)),"") | G57: =IFERROR(INDEX(بيانات!$H$3:$H$202,MATCH(52,$T$3:$T$202,0)),"") | I57: =IFERROR(INDEX(بيانات!$A$3:$A$202,MATCH(52,$U$3:$U$202,0)),"") | J57: =IFERROR(INDEX(بيانات!$B$3:$B$202,MATCH(52,$U$3:$U$202,0))&" "&INDEX(بيانات!$C$3:$C$202,MATCH(52,$U$3:$U$202,0)),"") | K57: =IFERROR(INDEX(بيانات!$H$3:$H$202,MATCH(52,$U$3:$U$202,0)),"") | M57: =IFERROR(INDEX(بيانات!$A$3:$A$202,MATCH(52,$V$3:$V$202,0)),"") | N57: =IFERROR(INDEX(بيانات!$B$3:$B$202,MATCH(52,$V$3:$V$202,0))&" "&INDEX(بيانات!$C$3:$C$202,MATCH(52,$V$3:$V$202,0)),"") | O57: =IFERROR(INDEX(بيانات!$H$3:$H$202,MATCH(52,$V$3:$V$202,0)),"") | S57: =IF(AND(بيانات!$B57<>"",بيانات!$G57="ذكر",بيانات!$H57<13),COUNTA($S$3:S57),"") | T57: =IF(AND(بيانات!$B57<>"",بيانات!$G57="أنثى",بيانات!$H57<13),COUNTA($T$3:T57),"") | U57: =IF(AND(بيانات!$B57<>"",بيانات!$G57="ذكر",بيانات!$H57>=13),COUNTA($U$3:U57),"") | V57: =IF(AND(بيانات!$B57<>"",بيانات!$G57="أنثى",بيانات!$H57>=13),COUNTA($V$3:V57),"")
A58: =IFERROR(INDEX(بيانات!$A$3:$A$202,MATCH(53,$S$3:$S$202,0)),"") | B58: =IFERROR(INDEX(بيانات!$B$3:$B$202,MATCH(53,$S$3:$S$202,0))&" "&INDEX(بيانات!$C$3:$C$202,MATCH(53,$S$3:$S$202,0)),"") | C58: =IFERROR(INDEX(بيانات!$H$3:$H$202,MATCH(53,$S$3:$S$202,0)),"") | E58: =IFERROR(INDEX(بيانات!$A$3:$A$202,MATCH(53,$T$3:$T$202,0)),"") | F58: =IFERROR(INDEX(بيانات!$B$3:$B$202,MATCH(53,$T$3:$T$202,0))&" "&INDEX(بيانات!$C$3:$C$202,MATCH(53,$T$3:$T$202,0)),"") | G58: =IFERROR(INDEX(بيانات!$H$3:$H$202,MATCH(53,$T$3:$T$202,0)),"") | I58: =IFERROR(INDEX(بيانات!$A$3:$A$202,MATCH(53,$U$3:$U$202,0)),"") | J58: =IFERROR(INDEX(بيانات!$B$3:$B$202,MATCH(53,$U$3:$U$202,0))&" "&INDEX(بيانات!$C$3:$C$202,MATCH(53,$U$3:$U$202,0)),"") | K58: =IFERROR(INDEX(بيانات!$H$3:$H$202,MATCH(53,$U$3:$U$202,0)),"") | M58: =IFERROR(INDEX(بيانات!$A$3:$A$202,MATCH(53,$V$3:$V$202,0)),"") | N58: =IFERROR(INDEX(بيانات!$B$3:$B$202,MATCH(53,$V$3:$V$202,0))&" "&INDEX(بيانات!$C$3:$C$202,MATCH(53,$V$3:$V$202,0)),"") | O58: =IFERROR(INDEX(بيانات!$H$3:$H$202,MATCH(53,$V$3:$V$202,0)),"") | S58: =IF(AND(بيانات!$B58<>"",بيانات!$G58="ذكر",بيانات!$H58<13),COUNTA($S$3:S58),"") | T58: =IF(AND(بيانات!$B58<>"",بيانات!$G58="أنثى",بيانات!$H58<13),COUNTA($T$3:T58),"") | U58: =IF(AND(بيانات!$B58<>"",بيانات!$G58="ذكر",بيانات!$H58>=13),COUNTA($U$3:U58),"") | V58: =IF(AND(بيانات!$B58<>"",بيانات!$G58="أنثى",بيانات!$H58>=13),COUNTA($V$3:V58),"")
A59: =IFERROR(INDEX(بيانات!$A$3:$A$202,MATCH(54,$S$3:$S$202,0)),"") | B59: =IFERROR(INDEX(بيانات!$B$3:$B$202,MATCH(54,$S$3:$S$202,0))&" "&INDEX(بيانات!$C$3:$C$202,MATCH(54,$S$3:$S$202,0)),"") | C59: =IFERROR(INDEX(بيانات!$H$3:$H$202,MATCH(54,$S$3:$S$202,0)),"") | E59: =IFERROR(INDEX(بيانات!$A$3:$A$202,MATCH(54,$T$3:$T$202,0)),"") | F59: =IFERROR(INDEX(بيانات!$B$3:$B$202,MATCH(54,$T$3:$T$202,0))&" "&INDEX(بيانات!$C$3:$C$202,MATCH(54,$T$3:$T$202,0)),"") | G59: =IFERROR(INDEX(بيانات!$H$3:$H$202,MATCH(54,$T$3:$T$202,0)),"") | I59: =IFERROR(INDEX(بيانات!$A$3:$A$202,MATCH(54,$U$3:$U$202,0)),"") | J59: =IFERROR(INDEX(بيانات!$B$3:$B$202,MATCH(54,$U$3:$U$202,0))&" "&INDEX(بيانات!$C$3:$C$202,MATCH(54,$U$3:$U$202,0)),"") | K59: =IFERROR(INDEX(بيانات!$H$3:$H$202,MATCH(54,$U$3:$U$202,0)),"") | M59: =IFERROR(INDEX(بيانات!$A$3:$A$202,MATCH(54,$V$3:$V$202,0)),"") | N59: =IFERROR(INDEX(بيانات!$B$3:$B$202,MATCH(54,$V$3:$V$202,0))&" "&INDEX(بيانات!$C$3:$C$202,MATCH(54,$V$3:$V$202,0)),"") | O59: =IFERROR(INDEX(بيانات!$H$3:$H$202,MATCH(54,$V$3:$V$202,0)),"") | S59: =IF(AND(بيانات!$B59<>"",بيانات!$G59="ذكر",بيانات!$H59<13),COUNTA($S$3:S59),"") | T59: =IF(AND(بيانات!$B59<>"",بيانات!$G59="أنثى",بيانات!$H59<13),COUNTA($T$3:T59),"") | U59: =IF(AND(بيانات!$B59<>"",بيانات!$G59="ذكر",بيانات!$H59>=13),COUNTA($U$3:U59),"") | V59: =IF(AND(بيانات!$B59<>"",بيانات!$G59="أنثى",بيانات!$H59>=13),COUNTA($V$3:V59),"")
A60: =IFERROR(INDEX(بيانات!$A$3:$A$202,MATCH(55,$S$3:$S$202,0)),"") | B60: =IFERROR(INDEX(بيانات!$B$3:$B$202,MATCH(55,$S$3:$S$202,0))&" "&INDEX(بيانات!$C$3:$C$202,MATCH(55,$S$3:$S$202,0)),"") | C60: =IFERROR(INDEX(بيانات!$H$3:$H$202,MATCH(55,$S$3:$S$202,0)),"") | E60: =IFERROR(INDEX(بيانات!$A$3:$A$202,MATCH(55,$T$3:$T$202,0)),"") | F60: =IFERROR(INDEX(بيانات!$B$3:$B$202,MATCH(55,$T$3:$T$202,0))&" "&INDEX(بيانات!$C$3:$C$202,MATCH(55,$T$3:$T$202,0)),"") | G60: =IFERROR(INDEX(بيانات!$H$3:$H$202,MATCH(55,$T$3:$T$202,0)),"") | I60: =IFERROR(INDEX(بيانات!$A$3:$A$202,MATCH(55,$U$3:$U$202,0)),"") | J60: =IFERROR(INDEX(بيانات!$B$3:$B$202,MATCH(55,$U$3:$U$202,0))&" "&INDEX(بيانات!$C$3:$C$202,MATCH(55,$U$3:$U$202,0)),"") | K60: =IFERROR(INDEX(بيانات!$H$3:$H$202,MATCH(55,$U$3:$U$202,0)),"") | M60: =IFERROR(INDEX(بيانات!$A$3:$A$202,MATCH(55,$V$3:$V$202,0)),"") | N60: =IFERROR(INDEX(بيانات!$B$3:$B$202,MATCH(55,$V$3:$V$202,0))&" "&INDEX(بيانات!$C$3:$C$202,MATCH(55,$V$3:$V$202,0)),"") | O60: =IFERROR(INDEX(بيانات!$H$3:$H$202,MATCH(55,$V$3:$V$202,0)),"") | S60: =IF(AND(بيانات!$B60<>"",بيانات!$G60="ذكر",بيانات!$H60<13),COUNTA($S$3:S60),"") | T60: =IF(AND(بيانات!$B60<>"",بيانات!$G60="أنثى",بيانات!$H60<13),COUNTA($T$3:T60),"") | U60: =IF(AND(بيانات!$B60<>"",بيانات!$G60="ذكر",بيانات!$H60>=13),COUNTA($U$3:U60),"") | V60: =IF(AND(بيانات!$B60<>"",بيانات!$G60="أنثى",بيانات!$H60>=13),COUNTA($V$3:V60),"")
A61: =IFERROR(INDEX(بيانات!$A$3:$A$202,MATCH(56,$S$3:$S$202,0)),"") | B61: =IFERROR(INDEX(بيانات!$B$3:$B$202,MATCH(56,$S$3:$S$202,0))&" "&INDEX(بيانات!$C$3:$C$202,MATCH(56,$S$3:$S$202,0)),"") | C61: =IFERROR(INDEX(بيانات!$H$3:$H$202,MATCH(56,$S$3:$S$202,0)),"") | E61: =IFERROR(INDEX(بيانات!$A$3:$A$202,MATCH(56,$T$3:$T$202,0)),"") | F61: =IFERROR(INDEX(بيانات!$B$3:$B$202,MATCH(56,$T$3:$T$202,0))&" "&INDEX(بيانات!$C$3:$C$202,MATCH(56,$T$3:$T$202,0)),"") | G61: =IFERROR(INDEX(بيانات!$H$3:$H$202,MATCH(56,$T$3:$T$202,0)),"") | I61: =IFERROR(INDEX(بيانات!$A$3:$A$202,MATCH(56,$U$3:$U$202,0)),"") | J61: =IFERROR(INDEX(بيانات!$B$3:$B$202,MATCH(56,$U$3:$U$202,0))&" "&INDEX(بيانات!$C$3:$C$202,MATCH(56,$U$3:$U$202,0)),"") | K61: =IFERROR(INDEX(بيانات!$H$3:$H$202,MATCH(56,$U$3:$U$202,0)),"") | M61: =IFERROR(INDEX(بيانات!$A$3:$A$202,MATCH(56,$V$3:$V$202,0)),"") | N61: =IFERROR(INDEX(بيانات!$B$3:$B$202,MATCH(56,$V$3:$V$202,0))&" "&INDEX(بيانات!$C$3:$C$202,MATCH(56,$V$3:$V$202,0)),"") | O61: =IFERROR(INDEX(بيانات!$H$3:$H$202,MATCH(56,$V$3:$V$202,0)),"") | S61: =IF(AND(بيانات!$B61<>"",بيانات!$G61="ذكر",بيانات!$H61<13),COUNTA($S$3:S61),"") | T61: =IF(AND(بيانات!$B61<>"",بيانات!$G61="أنثى",بيانات!$H61<13),COUNTA($T$3:T61),"") | U61: =IF(AND(بيانات!$B61<>"",بيانات!$G61="ذكر",بيانات!$H61>=13),COUNTA($U$3:U61),"") | V61: =IF(AND(بيانات!$B61<>"",بيانات!$G61="أنثى",بيانات!$H61>=13),COUNTA($V$3:V61),"")
A62: =IFERROR(INDEX(بيانات!$A$3:$A$202,MATCH(57,$S$3:$S$202,0)),"") | B62: =IFERROR(INDEX(بيانات!$B$3:$B$202,MATCH(57,$S$3:$S$202,0))&" "&INDEX(بيانات!$C$3:$C$202,MATCH(57,$S$3:$S$202,0)),"") | C62: =IFERROR(INDEX(بيانات!$H$3:$H$202,MATCH(57,$S$3:$S$202,0)),"") | E62: =IFERROR(INDEX(بيانات!$A$3:$A$202,MATCH(57,$T$3:$T$202,0)),"") | F62: =IFERROR(INDEX(بيانات!$B$3:$B$202,MATCH(57,$T$3:$T$202,0))&" "&INDEX(بيانات!$C$3:$C$202,MATCH(57,$T$3:$T$202,0)),"") | G62: =IFERROR(INDEX(بيانات!$H$3:$H$202,MATCH(57,$T$3:$T$202,0)),"") | I62: =IFERROR(INDEX(بيانات!$A$3:$A$202,MATCH(57,$U$3:$U$202,0)),"") | J62: =IFERROR(INDEX(بيانات!$B$3:$B$202,MATCH(57,$U$3:$U$202,0))&" "&INDEX(بيانات!$C$3:$C$202,MATCH(57,$U$3:$U$202,0)),"") | K62: =IFERROR(INDEX(بيانات!$H$3:$H$202,MATCH(57,$U$3:$U$202,0)),"") | M62: =IFERROR(INDEX(بيانات!$A$3:$A$202,MATCH(57,$V$3:$V$202,0)),"") | N62: =IFERROR(INDEX(بيانات!$B$3:$B$202,MATCH(57,$V$3:$V$202,0))&" "&INDEX(بيانات!$C$3:$C$202,MATCH(57,$V$3:$V$202,0)),"") | O62: =IFERROR(INDEX(بيانات!$H$3:$H$202,MATCH(57,$V$3:$V$202,0)),"") | S62: =IF(AND(بيانات!$B62<>"",بيانات!$G62="ذكر",بيانات!$H62<13),COUNTA($S$3:S62),"") | T62: =IF(AND(بيانات!$B62<>"",بيانات!$G62="أنثى",بيانات!$H62<13),COUNTA($T$3:T62),"") | U62: =IF(AND(بيانات!$B62<>"",بيانات!$G62="ذكر",بيانات!$H62>=13),COUNTA($U$3:U62),"") | V62: =IF(AND(بيانات!$B62<>"",بيانات!$G62="أنثى",بيانات!$H62>=13),COUNTA($V$3:V62),"")
A63: =IFERROR(INDEX(بيانات!$A$3:$A$202,MATCH(58,$S$3:$S$202,0)),"") | B63: =IFERROR(INDEX(بيانات!$B$3:$B$202,MATCH(58,$S$3:$S$202,0))&" "&INDEX(بيانات!$C$3:$C$202,MATCH(58,$S$3:$S$202,0)),"") | C63: =IFERROR(INDEX(بيانات!$H$3:$H$202,MATCH(58,$S$3:$S$202,0)),"") | E63: =IFERROR(INDEX(بيانات!$A$3:$A$202,MATCH(58,$T$3:$T$202,0)),"") | F63: =IFERROR(INDEX(بيانات!$B$3:$B$202,MATCH(58,$T$3:$T$202,0))&" "&INDEX(بيانات!$C$3:$C$202,MATCH(58,$T$3:$T$202,0)),"") | G63: =IFERROR(INDEX(بيانات!$H$3:$H$202,MATCH(58,$T$3:$T$202,0)),"") | I63: =IFERROR(INDEX(بيانات!$A$3:$A$202,MATCH(58,$U$3:$U$202,0)),"") | J63: =IFERROR(INDEX(بيانات!$B$3:$B$202,MATCH(58,$U$3:$U$202,0))&" "&INDEX(بيانات!$C$3:$C$202,MATCH(58,$U$3:$U$202,0)),"") | K63: =IFERROR(INDEX(بيانات!$H$3:$H$202,MATCH(58,$U$3:$U$202,0)),"") | M63: =IFERROR(INDEX(بيانات!$A$3:$A$202,MATCH(58,$V$3:$V$202,0)),"") | N63: =IFERROR(INDEX(بيانات!$B$3:$B$202,MATCH(58,$V$3:$V$202,0))&" "&INDEX(بيانات!$C$3:$C$202,MATCH(58,$V$3:$V$202,0)),"") | O63: =IFERROR(INDEX(بيانات!$H$3:$H$202,MATCH(58,$V$3:$V$202,0)),"") | S63: =IF(AND(بيانات!$B63<>"",بيانات!$G63="ذكر",بيانات!$H63<13),COUNTA($S$3:S63),"") | T63: =IF(AND(بيانات!$B63<>"",بيانات!$G63="أنثى",بيانات!$H63<13),COUNTA($T$3:T63),"") | U63: =IF(AND(بيانات!$B63<>"",بيانات!$G63="ذكر",بيانات!$H63>=13),COUNTA($U$3:U63),"") | V63: =IF(AND(بيانات!$B63<>"",بيانات!$G63="أنثى",بيانات!$H63>=13),COUNTA($V$3:V63),"")
A64: =IFERROR(INDEX(بيانات!$A$3:$A$202,MATCH(59,$S$3:$S$202,0)),"") | B64: =IFERROR(INDEX(بيانات!$B$3:$B$202,MATCH(59,$S$3:$S$202,0))&" "&INDEX(بيانات!$C$3:$C$202,MATCH(59,$S$3:$S$202,0)),"") | C64: =IFERROR(INDEX(بيانات!$H$3:$H$202,MATCH(59,$S$3:$S$202,0)),"") | E64: =IFERROR(INDEX(بيانات!$A$3:$A$202,MATCH(59,$T$3:$T$202,0)),"") | F64: =IFERROR(INDEX(بيانات!$B$3:$B$202,MATCH(59,$T$3:$T$202,0))&" "&INDEX(بيانات!$C$3:$C$202,MATCH(59,$T$3:$T$202,0)),"") | G64: =IFERROR(INDEX(بيانات!$H$3:$H$202,MATCH(59,$T$3:$T$202,0)),"") | I64: =IFERROR(INDEX(بيانات!$A$3:$A$202,MATCH(59,$U$3:$U$202,0)),"") | J64: =IFERROR(INDEX(بيانات!$B$3:$B$202,MATCH(59,$U$3:$U$202,0))&" "&INDEX(بيانات!$C$3:$C$202,MATCH(59,$U$3:$U$202,0)),"") | K64: =IFERROR(INDEX(بيانات!$H$3:$H$202,MATCH(59,$U$3:$U$202,0)),"") | M64: =IFERROR(INDEX(بيانات!$A$3:$A$202,MATCH(59,$V$3:$V$202,0)),"") | N64: =IFERROR(INDEX(بيانات!$B$3:$B$202,MATCH(59,$V$3:$V$202,0))&" "&INDEX(بيانات!$C$3:$C$202,MATCH(59,$V$3:$V$202,0)),"") | O64: =IFERROR(INDEX(بيانات!$H$3:$H$202,MATCH(59,$V$3:$V$202,0)),"") | S64: =IF(AND(بيانات!$B64<>"",بيانات!$G64="ذكر",بيانات!$H64<13),COUNTA($S$3:S64),"") | T64: =IF(AND(بيانات!$B64<>"",بيانات!$G64="أنثى",بيانات!$H64<13),COUNTA($T$3:T64),"") | U64: =IF(AND(بيانات!$B64<>"",بيانات!$G64="ذكر",بيانات!$H64>=13),COUNTA($U$3:U64),"") | V64: =IF(AND(بيانات!$B64<>"",بيانات!$G64="أنثى",بيانات!$H64>=13),COUNTA($V$3:V64),"")
A65: =IFERROR(INDEX(بيانات!$A$3:$A$202,MATCH(60,$S$3:$S$202,0)),"") | B65: =IFERROR(INDEX(بيانات!$B$3:$B$202,MATCH(60,$S$3:$S$202,0))&" "&INDEX(بيانات!$C$3:$C$202,MATCH(60,$S$3:$S$202,0)),"") | C65: =IFERROR(INDEX(بيانات!$H$3:$H$202,MATCH(60,$S$3:$S$202,0)),"") | E65: =IFERROR(INDEX(بيانات!$A$3:$A$202,MATCH(60,$T$3:$T$202,0)),"") | F65: =IFERROR(INDEX(بيانات!$B$3:$B$202,MATCH(60,$T$3:$T$202,0))&" "&INDEX(بيانات!$C$3:$C$202,MATCH(60,$T$3:$T$202,0)),"") | G65: =IFERROR(INDEX(بيانات!$H$3:$H$202,MATCH(60,$T$3:$T$202,0)),"") | I65: =IFERROR(INDEX(بيانات!$A$3:$A$202,MATCH(60,$U$3:$U$202,0)),"") | J65: =IFERROR(INDEX(بيانات!$B$3:$B$202,MATCH(60,$U$3:$U$202,0))&" "&INDEX(بيانات!$C$3:$C$202,MATCH(60,$U$3:$U$202,0)),"") | K65: =IFERROR(INDEX(بيانات!$H$3:$H$202,MATCH(60,$U$3:$U$202,0)),"") | M65: =IFERROR(INDEX(بيانات!$A$3:$A$202,MATCH(60,$V$3:$V$202,0)),"") | N65: =IFERROR(INDEX(بيانات!$B$3:$B$202,MATCH(60,$V$3:$V$202,0))&" "&INDEX(بيانات!$C$3:$C$202,MATCH(60,$V$3:$V$202,0)),"") | O65: =IFERROR(INDEX(بيانات!$H$3:$H$202,MATCH(60,$V$3:$V$202,0)),"") | S65: =IF(AND(بيانات!$B65<>"",بيانات!$G65="ذكر",بيانات!$H65<13),COUNTA($S$3:S65),"") | T65: =IF(AND(بيانات!$B65<>"",بيانات!$G65="أنثى",بيانات!$H65<13),COUNTA($T$3:T65),"") | U65: =IF(AND(بيانات!$B65<>"",بيانات!$G65="ذكر",بيانات!$H65>=13),COUNTA($U$3:U65),"") | V65: =IF(AND(بيانات!$B65<>"",بيانات!$G65="أنثى",بيانات!$H65>=13),COUNTA($V$3:V65),"")
A66: =IFERROR(INDEX(بيانات!$A$3:$A$202,MATCH(61,$S$3:$S$202,0)),"") | B66: =IFERROR(INDEX(بيانات!$B$3:$B$202,MATCH(61,$S$3:$S$202,0))&" "&INDEX(بيانات!$C$3:$C$202,MATCH(61,$S$3:$S$202,0)),"") | C66: =IFERROR(INDEX(بيانات!$H$3:$H$202,MATCH(61,$S$3:$S$202,0)),"") | E66: =IFERROR(INDEX(بيانات!$A$3:$A$202,MATCH(61,$T$3:$T$202,0)),"") | F66: =IFERROR(INDEX(بيانات!$B$3:$B$202,MATCH(61,$T$3:$T$202,0))&" "&INDEX(بيانات!$C$3:$C$202,MATCH(61,$T$3:$T$202,0)),"") | G66: =IFERROR(INDEX(بيانات!$H$3:$H$202,MATCH(61,$T$3:$T$202,0)),"") | I66: =IFERROR(INDEX(بيانات!$A$3:$A$202,MATCH(61,$U$3:$U$202,0)),"") | J66: =IFERROR(INDEX(بيانات!$B$3:$B$202,MATCH(61,$U$3:$U$202,0))&" "&INDEX(بيانات!$C$3:$C$202,MATCH(61,$U$3:$U$202,0)),"") | K66: =IFERROR(INDEX(بيانات!$H$3:$H$202,MATCH(61,$U$3:$U$202,0)),"") | M66: =IFERROR(INDEX(بيانات!$A$3:$A$202,MATCH(61,$V$3:$V$202,0)),"") | N66: =IFERROR(INDEX(بيانات!$B$3:$B$202,MATCH(61,$V$3:$V$202,0))&" "&INDEX(بيانات!$C$3:$C$202,MATCH(61,$V$3:$V$202,0)),"") | O66: =IFERROR(INDEX(بيانات!$H$3:$H$202,MATCH(61,$V$3:$V$202,0)),"") | S66: =IF(AND(بيانات!$B66<>"",بيانات!$G66="ذكر",بيانات!$H66<13),COUNTA($S$3:S66),"") | T66: =IF(AND(بيانات!$B66<>"",بيانات!$G66="أنثى",بيانات!$H66<13),COUNTA($T$3:T66),"") | U66: =IF(AND(بيانات!$B66<>"",بيانات!$G66="ذكر",بيانات!$H66>=13),COUNTA($U$3:U66),"") | V66: =IF(AND(بيانات!$B66<>"",بيانات!$G66="أنثى",بيانات!$H66>=13),COUNTA($V$3:V66),"")
A67: =IFERROR(INDEX(بيانات!$A$3:$A$202,MATCH(62,$S$3:$S$202,0)),"") | B67: =IFERROR(INDEX(بيانات!$B$3:$B$202,MATCH(62,$S$3:$S$202,0))&" "&INDEX(بيانات!$C$3:$C$202,MATCH(62,$S$3:$S$202,0)),"") | C67: =IFERROR(INDEX(بيانات!$H$3:$H$202,MATCH(62,$S$3:$S$202,0)),"") | E67: =IFERROR(INDEX(بيانات!$A$3:$A$202,MATCH(62,$T$3:$T$202,0)),"") | F67: =IFERROR(INDEX(بيانات!$B$3:$B$202,MATCH(62,$T$3:$T$202,0))&" "&INDEX(بيانات!$C$3:$C$202,MATCH(62,$T$3:$T$202,0)),"") | G67: =IFERROR(INDEX(بيانات!$H$3:$H$202,MATCH(62,$T$3:$T$202,0)),"") | I67: =IFERROR(INDEX(بيانات!$A$3:$A$202,MATCH(62,$U$3:$U$202,0)),"") | J67: =IFERROR(INDEX(بيانات!$B$3:$B$202,MATCH(62,$U$3:$U$202,0))&" "&INDEX(بيانات!$C$3:$C$202,MATCH(62,$U$3:$U$202,0)),"") | K67: =IFERROR(INDEX(بيانات!$H$3:$H$202,MATCH(62,$U$3:$U$202,0)),"") | M67: =IFERROR(INDEX(بيانات!$A$3:$A$202,MATCH(62,$V$3:$V$202,0)),"") | N67: =IFERROR(INDEX(بيانات!$B$3:$B$202,MATCH(62,$V$3:$V$202,0))&" "&INDEX(بيانات!$C$3:$C$202,MATCH(62,$V$3:$V$202,0)),"") | O67: =IFERROR(INDEX(بيانات!$H$3:$H$202,MATCH(62,$V$3:$V$202,0)),"") | S67: =IF(AND(بيانات!$B67<>"",بيانات!$G67="ذكر",بيانات!$H67<13),COUNTA($S$3:S67),"") | T67: =IF(AND(بيانات!$B67<>"",بيانات!$G67="أنثى",بيانات!$H67<13),COUNTA($T$3:T67),"") | U67: =IF(AND(بيانات!$B67<>"",بيانات!$G67="ذكر",بيانات!$H67>=13),COUNTA($U$3:U67),"") | V67: =IF(AND(بيانات!$B67<>"",بيانات!$G67="أنثى",بيانات!$H67>=13),COUNTA($V$3:V67),"")
A68: =IFERROR(INDEX(بيانات!$A$3:$A$202,MATCH(63,$S$3:$S$202,0)),"") | B68: =IFERROR(INDEX(بيانات!$B$3:$B$202,MATCH(63,$S$3:$S$202,0))&" "&INDEX(بيانات!$C$3:$C$202,MATCH(63,$S$3:$S$202,0)),"") | C68: =IFERROR(INDEX(بيانات!$H$3:$H$202,MATCH(63,$S$3:$S$202,0)),"") | E68: =IFERROR(INDEX(بيانات!$A$3:$A$202,MATCH(63,$T$3:$T$202,0)),"") | F68: =IFERROR(INDEX(بيانات!$B$3:$B$202,MATCH(63,$T$3:$T$202,0))&" "&INDEX(بيانات!$C$3:$C$202,MATCH(63,$T$3:$T$202,0)),"") | G68: =IFERROR(INDEX(بيانات!$H$3:$H$202,MATCH(63,$T$3:$T$202,0)),"") | I68: =IFERROR(INDEX(بيانات!$A$3:$A$202,MATCH(63,$U$3:$U$202,0)),"") | J68: =IFERROR(INDEX(بيانات!$B$3:$B$202,MATCH(63,$U$3:$U$202,0))&" "&INDEX(بيانات!$C$3:$C$202,MATCH(63,$U$3:$U$202,0)),"") | K68: =IFERROR(INDEX(بيانات!$H$3:$H$202,MATCH(63,$U$3:$U$202,0)),"") | M68: =IFERROR(INDEX(بيانات!$A$3:$A$202,MATCH(63,$V$3:$V$202,0)),"") | N68: =IFERROR(INDEX(بيانات!$B$3:$B$202,MATCH(63,$V$3:$V$202,0))&" "&INDEX(بيانات!$C$3:$C$202,MATCH(63,$V$3:$V$202,0)),"") | O68: =IFERROR(INDEX(بيانات!$H$3:$H$202,MATCH(63,$V$3:$V$202,0)),"") | S68: =IF(AND(بيانات!$B68<>"",بيانات!$G68="ذكر",بيانات!$H68<13),COUNTA($S$3:S68),"") | T68: =IF(AND(بيانات!$B68<>"",بيانات!$G68="أنثى",بيانات!$H68<13),COUNTA($T$3:T68),"") | U68: =IF(AND(بيانات!$B68<>"",بيانات!$G68="ذكر",بيانات!$H68>=13),COUNTA($U$3:U68),"") | V68: =IF(AND(بيانات!$B68<>"",بيانات!$G68="أنثى",بيانات!$H68>=13),COUNTA($V$3:V68),"")
A69: =IFERROR(INDEX(بيانات!$A$3:$A$202,MATCH(64,$S$3:$S$202,0)),"") | B69: =IFERROR(INDEX(بيانات!$B$3:$B$202,MATCH(64,$S$3:$S$202,0))&" "&INDEX(بيانات!$C$3:$C$202,MATCH(64,$S$3:$S$202,0)),"") | C69: =IFERROR(INDEX(بيانات!$H$3:$H$202,MATCH(64,$S$3:$S$202,0)),"") | E69: =IFERROR(INDEX(بيانات!$A$3:$A$202,MATCH(64,$T$3:$T$202,0)),"") | F69: =IFERROR(INDEX(بيانات!$B$3:$B$202,MATCH(64,$T$3:$T$202,0))&" "&INDEX(بيانات!$C$3:$C$202,MATCH(64,$T$3:$T$202,0)),"") | G69: =IFERROR(INDEX(بيانات!$H$3:$H$202,MATCH(64,$T$3:$T$202,0)),"") | I69: =IFERROR(INDEX(بيانات!$A$3:$A$202,MATCH(64,$U$3:$U$202,0)),"") | J69: =IFERROR(INDEX(بيانات!$B$3:$B$202,MATCH(64,$U$3:$U$202,0))&" "&INDEX(بيانات!$C$3:$C$202,MATCH(64,$U$3:$U$202,0)),"") | K69: =IFERROR(INDEX(بيانات!$H$3:$H$202,MATCH(64,$U$3:$U$202,0)),"") | M69: =IFERROR(INDEX(بيانات!$A$3:$A$202,MATCH(64,$V$3:$V$202,0)),"") | N69: =IFERROR(INDEX(بيانات!$B$3:$B$202,MATCH(64,$V$3:$V$202,0))&" "&INDEX(بيانات!$C$3:$C$202,MATCH(64,$V$3:$V$202,0)),"") | O69: =IFERROR(INDEX(بيانات!$H$3:$H$202,MATCH(64,$V$3:$V$202,0)),"") | S69: =IF(AND(بيانات!$B69<>"",بيانات!$G69="ذكر",بيانات!$H69<13),COUNTA($S$3:S69),"") | T69: =IF(AND(بيانات!$B69<>"",بيانات!$G69="أنثى",بيانات!$H69<13),COUNTA($T$3:T69),"") | U69: =IF(AND(بيانات!$B69<>"",بيانات!$G69="ذكر",بيانات!$H69>=13),COUNTA($U$3:U69),"") | V69: =IF(AND(بيانات!$B69<>"",بيانات!$G69="أنثى",بيانات!$H69>=13),COUNTA($V$3:V69),"")
A70: =IFERROR(INDEX(بيانات!$A$3:$A$202,MATCH(65,$S$3:$S$202,0)),"") | B70: =IFERROR(INDEX(بيانات!$B$3:$B$202,MATCH(65,$S$3:$S$202,0))&" "&INDEX(بيانات!$C$3:$C$202,MATCH(65,$S$3:$S$202,0)),"") | C70: =IFERROR(INDEX(بيانات!$H$3:$H$202,MATCH(65,$S$3:$S$202,0)),"") | E70: =IFERROR(INDEX(بيانات!$A$3:$A$202,MATCH(65,$T$3:$T$202,0)),"") | F70: =IFERROR(INDEX(بيانات!$B$3:$B$202,MATCH(65,$T$3:$T$202,0))&" "&INDEX(بيانات!$C$3:$C$202,MATCH(65,$T$3:$T$202,0)),"") | G70: =IFERROR(INDEX(بيانات!$H$3:$H$202,MATCH(65,$T$3:$T$202,0)),"") | I70: =IFERROR(INDEX(بيانات!$A$3:$A$202,MATCH(65,$U$3:$U$202,0)),"") | J70: =IFERROR(INDEX(بيانات!$B$3:$B$202,MATCH(65,$U$3:$U$202,0))&" "&INDEX(بيانات!$C$3:$C$202,MATCH(65,$U$3:$U$202,0)),"") | K70: =IFERROR(INDEX(بيانات!$H$3:$H$202,MATCH(65,$U$3:$U$202,0)),"") | M70: =IFERROR(INDEX(بيانات!$A$3:$A$202,MATCH(65,$V$3:$V$202,0)),"") | N70: =IFERROR(INDEX(بيانات!$B$3:$B$202,MATCH(65,$V$3:$V$202,0))&" "&INDEX(بيانات!$C$3:$C$202,MATCH(65,$V$3:$V$202,0)),"") | O70: =IFERROR(INDEX(بيانات!$H$3:$H$202,MATCH(65,$V$3:$V$202,0)),"") | S70: =IF(AND(بيانات!$B70<>"",بيانات!$G70="ذكر",بيانات!$H70<13),COUNTA($S$3:S70),"") | T70: =IF(AND(بيانات!$B70<>"",بيانات!$G70="أنثى",بيانات!$H70<13),COUNTA($T$3:T70),"") | U70: =IF(AND(بيانات!$B70<>"",بيانات!$G70="ذكر",بيانات!$H70>=13),COUNTA($U$3:U70),"") | V70: =IF(AND(بيانات!$B70<>"",بيانات!$G70="أنثى",بيانات!$H70>=13),COUNTA($V$3:V70),"")
A71: =IFERROR(INDEX(بيانات!$A$3:$A$202,MATCH(66,$S$3:$S$202,0)),"") | B71: =IFERROR(INDEX(بيانات!$B$3:$B$202,MATCH(66,$S$3:$S$202,0))&" "&INDEX(بيانات!$C$3:$C$202,MATCH(66,$S$3:$S$202,0)),"") | C71: =IFERROR(INDEX(بيانات!$H$3:$H$202,MATCH(66,$S$3:$S$202,0)),"") | E71: =IFERROR(INDEX(بيانات!$A$3:$A$202,MATCH(66,$T$3:$T$202,0)),"") | F71: =IFERROR(INDEX(بيانات!$B$3:$B$202,MATCH(66,$T$3:$T$202,0))&" "&INDEX(بيانات!$C$3:$C$202,MATCH(66,$T$3:$T$202,0)),"") | G71: =IFERROR(INDEX(بيانات!$H$3:$H$202,MATCH(66,$T$3:$T$202,0)),"") | I71: =IFERROR(INDEX(بيانات!$A$3:$A$202,MATCH(66,$U$3:$U$202,0)),"") | J71: =IFERROR(INDEX(بيانات!$B$3:$B$202,MATCH(66,$U$3:$U$202,0))&" "&INDEX(بيانات!$C$3:$C$202,MATCH(66,$U$3:$U$202,0)),"") | K71: =IFERROR(INDEX(بيانات!$H$3:$H$202,MATCH(66,$U$3:$U$202,0)),"") | M71: =IFERROR(INDEX(بيانات!$A$3:$A$202,MATCH(66,$V$3:$V$202,0)),"") | N71: =IFERROR(INDEX(بيانات!$B$3:$B$202,MATCH(66,$V$3:$V$202,0))&" "&INDEX(بيانات!$C$3:$C$202,MATCH(66,$V$3:$V$202,0)),"") | O71: =IFERROR(INDEX(بيانات!$H$3:$H$202,MATCH(66,$V$3:$V$202,0)),"") | S71: =IF(AND(بيانات!$B71<>"",بيانات!$G71="ذكر",بيانات!$H71<13),COUNTA($S$3:S71),"") | T71: =IF(AND(بيانات!$B71<>"",بيانات!$G71="أنثى",بيانات!$H71<13),COUNTA($T$3:T71),"") | U71: =IF(AND(بيانات!$B71<>"",بيانات!$G71="ذكر",بيانات!$H71>=13),COUNTA($U$3:U71),"") | V71: =IF(AND(بيانات!$B71<>"",بيانات!$G71="أنثى",بيانات!$H71>=13),COUNTA($V$3:V71),"")
A72: =IFERROR(INDEX(بيانات!$A$3:$A$202,MATCH(67,$S$3:$S$202,0)),"") | B72: =IFERROR(INDEX(بيانات!$B$3:$B$202,MATCH(67,$S$3:$S$202,0))&" "&INDEX(بيانات!$C$3:$C$202,MATCH(67,$S$3:$S$202,0)),"") | C72: =IFERROR(INDEX(بيانات!$H$3:$H$202,MATCH(67,$S$3:$S$202,0)),"") | E72: =IFERROR(INDEX(بيانات!$A$3:$A$202,MATCH(67,$T$3:$T$202,0)),"") | F72: =IFERROR(INDEX(بيانات!$B$3:$B$202,MATCH(67,$T$3:$T$202,0))&" "&INDEX(بيانات!$C$3:$C$202,MATCH(67,$T$3:$T$202,0)),"") | G72: =IFERROR(INDEX(بيانات!$H$3:$H$202,MATCH(67,$T$3:$T$202,0)),"") | I72: =IFERROR(INDEX(بيانات!$A$3:$A$202,MATCH(67,$U$3:$U$202,0)),"") | J72: =IFERROR(INDEX(بيانات!$B$3:$B$202,MATCH(67,$U$3:$U$202,0))&" "&INDEX(بيانات!$C$3:$C$202,MATCH(67,$U$3:$U$202,0)),"") | K72: =IFERROR(INDEX(بيانات!$H$3:$H$202,MATCH(67,$U$3:$U$202,0)),"") | M72: =IFERROR(INDEX(بيانات!$A$3:$A$202,MATCH(67,$V$3:$V$202,0)),"") | N72: =IFERROR(INDEX(بيانات!$B$3:$B$202,MATCH(67,$V$3:$V$202,0))&" "&INDEX(بيانات!$C$3:$C$202,MATCH(67,$V$3:$V$202,0)),"") | O72: =IFERROR(INDEX(بيانات!$H$3:$H$202,MATCH(67,$V$3:$V$202,0)),"") | S72: =IF(AND(بيانات!$B72<>"",بيانات!$G72="ذكر",بيانات!$H72<13),COUNTA($S$3:S72),"") | T72: =IF(AND(بيانات!$B72<>"",بيانات!$G72="أنثى",بيانات!$H72<13),COUNTA($T$3:T72),"") | U72: =IF(AND(بيانات!$B72<>"",بيانات!$G72="ذكر",بيانات!$H72>=13),COUNTA($U$3:U72),"") | V72: =IF(AND(بيانات!$B72<>"",بيانات!$G72="أنثى",بيانات!$H72>=13),COUNTA($V$3:V72),"")
A73: =IFERROR(INDEX(بيانات!$A$3:$A$202,MATCH(68,$S$3:$S$202,0)),"") | B73: =IFERROR(INDEX(بيانات!$B$3:$B$202,MATCH(68,$S$3:$S$202,0))&" "&INDEX(بيانات!$C$3:$C$202,MATCH(68,$S$3:$S$202,0)),"") | C73: =IFERROR(INDEX(بيانات!$H$3:$H$202,MATCH(68,$S$3:$S$202,0)),"") | E73: =IFERROR(INDEX(بيانات!$A$3:$A$202,MATCH(68,$T$3:$T$202,0)),"") | F73: =IFERROR(INDEX(بيانات!$B$3:$B$202,MATCH(68,$T$3:$T$202,0))&" "&INDEX(بيانات!$C$3:$C$202,MATCH(68,$T$3:$T$202,0)),"") | G73: =IFERROR(INDEX(بيانات!$H$3:$H$202,MATCH(68,$T$3:$T$202,0)),"") | I73: =IFERROR(INDEX(بيانات!$A$3:$A$202,MATCH(68,$U$3:$U$202,0)),"") | J73: =IFERROR(INDEX(بيانات!$B$3:$B$202,MATCH(68,$U$3:$U$202,0))&" "&INDEX(بيانات!$C$3:$C$202,MATCH(68,$U$3:$U$202,0)),"") | K73: =IFERROR(INDEX(بيانات!$H$3:$H$202,MATCH(68,$U$3:$U$202,0)),"") | M73: =IFERROR(INDEX(بيانات!$A$3:$A$202,MATCH(68,$V$3:$V$202,0)),"") | N73: =IFERROR(INDEX(بيانات!$B$3:$B$202,MATCH(68,$V$3:$V$202,0))&" "&INDEX(بيانات!$C$3:$C$202,MATCH(68,$V$3:$V$202,0)),"") | O73: =IFERROR(INDEX(بيانات!$H$3:$H$202,MATCH(68,$V$3:$V$202,0)),"") | S73: =IF(AND(بيانات!$B73<>"",بيانات!$G73="ذكر",بيانات!$H73<13),COUNTA($S$3:S73),"") | T73: =IF(AND(بيانات!$B73<>"",بيانات!$G73="أنثى",بيانات!$H73<13),COUNTA($T$3:T73),"") | U73: =IF(AND(بيانات!$B73<>"",بيانات!$G73="ذكر",بيانات!$H73>=13),COUNTA($U$3:U73),"") | V73: =IF(AND(بيانات!$B73<>"",بيانات!$G73="أنثى",بيانات!$H73>=13),COUNTA($V$3:V73),"")
A74: =IFERROR(INDEX(بيانات!$A$3:$A$202,MATCH(69,$S$3:$S$202,0)),"") | B74: =IFERROR(INDEX(بيانات!$B$3:$B$202,MATCH(69,$S$3:$S$202,0))&" "&INDEX(بيانات!$C$3:$C$202,MATCH(69,$S$3:$S$202,0)),"") | C74: =IFERROR(INDEX(بيانات!$H$3:$H$202,MATCH(69,$S$3:$S$202,0)),"") | E74: =IFERROR(INDEX(بيانات!$A$3:$A$202,MATCH(69,$T$3:$T$202,0)),"") | F74: =IFERROR(INDEX(بيانات!$B$3:$B$202,MATCH(69,$T$3:$T$202,0))&" "&INDEX(بيانات!$C$3:$C$202,MATCH(69,$T$3:$T$202,0)),"") | G74: =IFERROR(INDEX(بيانات!$H$3:$H$202,MATCH(69,$T$3:$T$202,0)),"") | I74: =IFERROR(INDEX(بيانات!$A$3:$A$202,MATCH(69,$U$3:$U$202,0)),"") | J74: =IFERROR(INDEX(بيانات!$B$3:$B$202,MATCH(69,$U$3:$U$202,0))&" "&INDEX(بيانات!$C$3:$C$202,MATCH(69,$U$3:$U$202,0)),"") | K74: =IFERROR(INDEX(بيانات!$H$3:$H$202,MATCH(69,$U$3:$U$202,0)),"") | M74: =IFERROR(INDEX(بيانات!$A$3:$A$202,MATCH(69,$V$3:$V$202,0)),"") | N74: =IFERROR(INDEX(بيانات!$B$3:$B$202,MATCH(69,$V$3:$V$202,0))&" "&INDEX(بيانات!$C$3:$C$202,MATCH(69,$V$3:$V$202,0)),"") | O74: =IFERROR(INDEX(بيانات!$H$3:$H$202,MATCH(69,$V$3:$V$202,0)),"") | S74: =IF(AND(بيانات!$B74<>"",بيانات!$G74="ذكر",بيانات!$H74<13),COUNTA($S$3:S74),"") | T74: =IF(AND(بيانات!$B74<>"",بيانات!$G74="أنثى",بيانات!$H74<13),COUNTA($T$3:T74),"") | U74: =IF(AND(بيانات!$B74<>"",بيانات!$G74="ذكر",بيانات!$H74>=13),COUNTA($U$3:U74),"") | V74: =IF(AND(بيانات!$B74<>"",بيانات!$G74="أنثى",بيانات!$H74>=13),COUNTA($V$3:V74),"")
A75: =IFERROR(INDEX(بيانات!$A$3:$A$202,MATCH(70,$S$3:$S$202,0)),"") | B75: =IFERROR(INDEX(بيانات!$B$3:$B$202,MATCH(70,$S$3:$S$202,0))&" "&INDEX(بيانات!$C$3:$C$202,MATCH(70,$S$3:$S$202,0)),"") | C75: =IFERROR(INDEX(بيانات!$H$3:$H$202,MATCH(70,$S$3:$S$202,0)),"") | E75: =IFERROR(INDEX(بيانات!$A$3:$A$202,MATCH(70,$T$3:$T$202,0)),"") | F75: =IFERROR(INDEX(بيانات!$B$3:$B$202,MATCH(70,$T$3:$T$202,0))&" "&INDEX(بيانات!$C$3:$C$202,MATCH(70,$T$3:$T$202,0)),"") | G75: =IFERROR(INDEX(بيانات!$H$3:$H$202,MATCH(70,$T$3:$T$202,0)),"") | I75: =IFERROR(INDEX(بيانات!$A$3:$A$202,MATCH(70,$U$3:$U$202,0)),"") | J75: =IFERROR(INDEX(بيانات!$B$3:$B$202,MATCH(70,$U$3:$U$202,0))&" "&INDEX(بيانات!$C$3:$C$202,MATCH(70,$U$3:$U$202,0)),"") | K75: =IFERROR(INDEX(بيانات!$H$3:$H$202,MATCH(70,$U$3:$U$202,0)),"") | M75: =IFERROR(INDEX(بيانات!$A$3:$A$202,MATCH(70,$V$3:$V$202,0)),"") | N75: =IFERROR(INDEX(بيانات!$B$3:$B$202,MATCH(70,$V$3:$V$202,0))&" "&INDEX(بيانات!$C$3:$C$202,MATCH(70,$V$3:$V$202,0)),"") | O75: =IFERROR(INDEX(بيانات!$H$3:$H$202,MATCH(70,$V$3:$V$202,0)),"") | S75: =IF(AND(بيانات!$B75<>"",بيانات!$G75="ذكر",بيانات!$H75<13),COUNTA($S$3:S75),"") | T75: =IF(AND(بيانات!$B75<>"",بيانات!$G75="أنثى",بيانات!$H75<13),COUNTA($T$3:T75),"") | U75: =IF(AND(بيانات!$B75<>"",بيانات!$G75="ذكر",بيانات!$H75>=13),COUNTA($U$3:U75),"") | V75: =IF(AND(بيانات!$B75<>"",بيانات!$G75="أنثى",بيانات!$H75>=13),COUNTA($V$3:V75),"")
A76: =IFERROR(INDEX(بيانات!$A$3:$A$202,MATCH(71,$S$3:$S$202,0)),"") | B76: =IFERROR(INDEX(بيانات!$B$3:$B$202,MATCH(71,$S$3:$S$202,0))&" "&INDEX(بيانات!$C$3:$C$202,MATCH(71,$S$3:$S$202,0)),"") | C76: =IFERROR(INDEX(بيانات!$H$3:$H$202,MATCH(71,$S$3:$S$202,0)),"") | E76: =IFERROR(INDEX(بيانات!$A$3:$A$202,MATCH(71,$T$3:$T$202,0)),"") | F76: =IFERROR(INDEX(بيانات!$B$3:$B$202,MATCH(71,$T$3:$T$202,0))&" "&INDEX(بيانات!$C$3:$C$202,MATCH(71,$T$3:$T$202,0)),"") | G76: =IFERROR(INDEX(بيانات!$H$3:$H$202,MATCH(71,$T$3:$T$202,0)),"") | I76: =IFERROR(INDEX(بيانات!$A$3:$A$202,MATCH(71,$U$3:$U$202,0)),"") | J76: =IFERROR(INDEX(بيانات!$B$3:$B$202,MATCH(71,$U$3:$U$202,0))&" "&INDEX(بيانات!$C$3:$C$202,MATCH(71,$U$3:$U$202,0)),"") | K76: =IFERROR(INDEX(بيانات!$H$3:$H$202,MATCH(71,$U$3:$U$202,0)),"") | M76: =IFERROR(INDEX(بيانات!$A$3:$A$202,MATCH(71,$V$3:$V$202,0)),"") | N76: =IFERROR(INDEX(بيانات!$B$3:$B$202,MATCH(71,$V$3:$V$202,0))&" "&INDEX(بيانات!$C$3:$C$202,MATCH(71,$V$3:$V$202,0)),"") | O76: =IFERROR(INDEX(بيانات!$H$3:$H$202,MATCH(71,$V$3:$V$202,0)),"") | S76: =IF(AND(بيانات!$B76<>"",بيانات!$G76="ذكر",بيانات!$H76<13),COUNTA($S$3:S76),"") | T76: =IF(AND(بيانات!$B76<>"",بيانات!$G76="أنثى",بيانات!$H76<13),COUNTA($T$3:T76),"") | U76: =IF(AND(بيانات!$B76<>"",بيانات!$G76="ذكر",بيانات!$H76>=13),COUNTA($U$3:U76),"") | V76: =IF(AND(بيانات!$B76<>"",بيانات!$G76="أنثى",بيانات!$H76>=13),COUNTA($V$3:V76),"")
A77: =IFERROR(INDEX(بيانات!$A$3:$A$202,MATCH(72,$S$3:$S$202,0)),"") | B77: =IFERROR(INDEX(بيانات!$B$3:$B$202,MATCH(72,$S$3:$S$202,0))&" "&INDEX(بيانات!$C$3:$C$202,MATCH(72,$S$3:$S$202,0)),"") | C77: =IFERROR(INDEX(بيانات!$H$3:$H$202,MATCH(72,$S$3:$S$202,0)),"") | E77: =IFERROR(INDEX(بيانات!$A$3:$A$202,MATCH(72,$T$3:$T$202,0)),"") | F77: =IFERROR(INDEX(بيانات!$B$3:$B$202,MATCH(72,$T$3:$T$202,0))&" "&INDEX(بيانات!$C$3:$C$202,MATCH(72,$T$3:$T$202,0)),"") | G77: =IFERROR(INDEX(بيانات!$H$3:$H$202,MATCH(72,$T$3:$T$202,0)),"") | I77: =IFERROR(INDEX(بيانات!$A$3:$A$202,MATCH(72,$U$3:$U$202,0)),"") | J77: =IFERROR(INDEX(بيانات!$B$3:$B$202,MATCH(72,$U$3:$U$202,0))&" "&INDEX(بيانات!$C$3:$C$202,MATCH(72,$U$3:$U$202,0)),"") | K77: =IFERROR(INDEX(بيانات!$H$3:$H$202,MATCH(72,$U$3:$U$202,0)),"") | M77: =IFERROR(INDEX(بيانات!$A$3:$A$202,MATCH(72,$V$3:$V$202,0)),"") | N77: =IFERROR(INDEX(بيانات!$B$3:$B$202,MATCH(72,$V$3:$V$202,0))&" "&INDEX(بيانات!$C$3:$C$202,MATCH(72,$V$3:$V$202,0)),"") | O77: =IFERROR(INDEX(بيانات!$H$3:$H$202,MATCH(72,$V$3:$V$202,0)),"") | S77: =IF(AND(بيانات!$B77<>"",بيانات!$G77="ذكر",بيانات!$H77<13),COUNTA($S$3:S77),"") | T77: =IF(AND(بيانات!$B77<>"",بيانات!$G77="أنثى",بيانات!$H77<13),COUNTA($T$3:T77),"") | U77: =IF(AND(بيانات!$B77<>"",بيانات!$G77="ذكر",بيانات!$H77>=13),COUNTA($U$3:U77),"") | V77: =IF(AND(بيانات!$B77<>"",بيانات!$G77="أنثى",بيانات!$H77>=13),COUNTA($V$3:V77),"")
A78: =IFERROR(INDEX(بيانات!$A$3:$A$202,MATCH(73,$S$3:$S$202,0)),"") | B78: =IFERROR(INDEX(بيانات!$B$3:$B$202,MATCH(73,$S$3:$S$202,0))&" "&INDEX(بيانات!$C$3:$C$202,MATCH(73,$S$3:$S$202,0)),"") | C78: =IFERROR(INDEX(بيانات!$H$3:$H$202,MATCH(73,$S$3:$S$202,0)),"") | E78: =IFERROR(INDEX(بيانات!$A$3:$A$202,MATCH(73,$T$3:$T$202,0)),"") | F78: =IFERROR(INDEX(بيانات!$B$3:$B$202,MATCH(73,$T$3:$T$202,0))&" "&INDEX(بيانات!$C$3:$C$202,MATCH(73,$T$3:$T$202,0)),"") | G78: =IFERROR(INDEX(بيانات!$H$3:$H$202,MATCH(73,$T$3:$T$202,0)),"") | I78: =IFERROR(INDEX(بيانات!$A$3:$A$202,MATCH(73,$U$3:$U$202,0)),"") | J78: =IFERROR(INDEX(بيانات!$B$3:$B$202,MATCH(73,$U$3:$U$202,0))&" "&INDEX(بيانات!$C$3:$C$202,MATCH(73,$U$3:$U$202,0)),"") | K78: =IFERROR(INDEX(بيانات!$H$3:$H$202,MATCH(73,$U$3:$U$202,0)),"") | M78: =IFERROR(INDEX(بيانات!$A$3:$A$202,MATCH(73,$V$3:$V$202,0)),"") | N78: =IFERROR(INDEX(بيانات!$B$3:$B$202,MATCH(73,$V$3:$V$202,0))&" "&INDEX(بيانات!$C$3:$C$202,MATCH(73,$V$3:$V$202,0)),"") | O78: =IFERROR(INDEX(بيانات!$H$3:$H$202,MATCH(73,$V$3:$V$202,0)),"") | S78: =IF(AND(بيانات!$B78<>"",بيانات!$G78="ذكر",بيانات!$H78<13),COUNTA($S$3:S78),"") | T78: =IF(AND(بيانات!$B78<>"",بيانات!$G78="أنثى",بيانات!$H78<13),COUNTA($T$3:T78),"") | U78: =IF(AND(بيانات!$B78<>"",بيانات!$G78="ذكر",بيانات!$H78>=13),COUNTA($U$3:U78),"") | V78: =IF(AND(بيانات!$B78<>"",بيانات!$G78="أنثى",بيانات!$H78>=13),COUNTA($V$3:V78),"")
A79: =IFERROR(INDEX(بيانات!$A$3:$A$202,MATCH(74,$S$3:$S$202,0)),"") | B79: =IFERROR(INDEX(بيانات!$B$3:$B$202,MATCH(74,$S$3:$S$202,0))&" "&INDEX(بيانات!$C$3:$C$202,MATCH(74,$S$3:$S$202,0)),"") | C79: =IFERROR(INDEX(بيانات!$H$3:$H$202,MATCH(74,$S$3:$S$202,0)),"") | E79: =IFERROR(INDEX(بيانات!$A$3:$A$202,MATCH(74,$T$3:$T$202,0)),"") | F79: =IFERROR(INDEX(بيانات!$B$3:$B$202,MATCH(74,$T$3:$T$202,0))&" "&INDEX(بيانات!$C$3:$C$202,MATCH(74,$T$3:$T$202,0)),"") | G79: =IFERROR(INDEX(بيانات!$H$3:$H$202,MATCH(74,$T$3:$T$202,0)),"") | I79: =IFERROR(INDEX(بيانات!$A$3:$A$202,MATCH(74,$U$3:$U$202,0)),"") | J79: =IFERROR(INDEX(بيانات!$B$3:$B$202,MATCH(74,$U$3:$U$202,0))&" "&INDEX(بيانات!$C$3:$C$202,MATCH(74,$U$3:$U$202,0)),"") | K79: =IFERROR(INDEX(بيانات!$H$3:$H$202,MATCH(74,$U$3:$U$202,0)),"") | M79: =IFERROR(INDEX(بيانات!$A$3:$A$202,MATCH(74,$V$3:$V$202,0)),"") | N79: =IFERROR(INDEX(بيانات!$B$3:$B$202,MATCH(74,$V$3:$V$202,0))&" "&INDEX(بيانات!$C$3:$C$202,MATCH(74,$V$3:$V$202,0)),"") | O79: =IFERROR(INDEX(بيانات!$H$3:$H$202,MATCH(74,$V$3:$V$202,0)),"") | S79: =IF(AND(بيانات!$B79<>"",بيانات!$G79="ذكر",بيانات!$H79<13),COUNTA($S$3:S79),"") | T79: =IF(AND(بيانات!$B79<>"",بيانات!$G79="أنثى",بيانات!$H79<13),COUNTA($T$3:T79),"") | U79: =IF(AND(بيانات!$B79<>"",بيانات!$G79="ذكر",بيانات!$H79>=13),COUNTA($U$3:U79),"") | V79: =IF(AND(بيانات!$B79<>"",بيانات!$G79="أنثى",بيانات!$H79>=13),COUNTA($V$3:V79),"")
A80: =IFERROR(INDEX(بيانات!$A$3:$A$202,MATCH(75,$S$3:$S$202,0)),"") | B80: =IFERROR(INDEX(بيانات!$B$3:$B$202,MATCH(75,$S$3:$S$202,0))&" "&INDEX(بيانات!$C$3:$C$202,MATCH(75,$S$3:$S$202,0)),"") | C80: =IFERROR(INDEX(بيانات!$H$3:$H$202,MATCH(75,$S$3:$S$202,0)),"") | E80: =IFERROR(INDEX(بيانات!$A$3:$A$202,MATCH(75,$T$3:$T$202,0)),"") | F80: =IFERROR(INDEX(بيانات!$B$3:$B$202,MATCH(75,$T$3:$T$202,0))&" "&INDEX(بيانات!$C$3:$C$202,MATCH(75,$T$3:$T$202,0)),"") | G80: =IFERROR(INDEX(بيانات!$H$3:$H$202,MATCH(75,$T$3:$T$202,0)),"") | I80: =IFERROR(INDEX(بيانات!$A$3:$A$202,MATCH(75,$U$3:$U$202,0)),"") | J80: =IFERROR(INDEX(بيانات!$B$3:$B$202,MATCH(75,$U$3:$U$202,0))&" "&INDEX(بيانات!$C$3:$C$202,MATCH(75,$U$3:$U$202,0)),"") | K80: =IFERROR(INDEX(بيانات!$H$3:$H$202,MATCH(75,$U$3:$U$202,0)),"") | M80: =IFERROR(INDEX(بيانات!$A$3:$A$202,MATCH(75,$V$3:$V$202,0)),"") | N80: =IFERROR(INDEX(بيانات!$B$3:$B$202,MATCH(75,$V$3:$V$202,0))&" "&INDEX(بيانات!$C$3:$C$202,MATCH(75,$V$3:$V$202,0)),"") | O80: =IFERROR(INDEX(بيانات!$H$3:$H$202,MATCH(75,$V$3:$V$202,0)),"") | S80: =IF(AND(بيانات!$B80<>"",بيانات!$G80="ذكر",بيانات!$H80<13),COUNTA($S$3:S80),"") | T80: =IF(AND(بيانات!$B80<>"",بيانات!$G80="أنثى",بيانات!$H80<13),COUNTA($T$3:T80),"") | U80: =IF(AND(بيانات!$B80<>"",بيانات!$G80="ذكر",بيانات!$H80>=13),COUNTA($U$3:U80),"") | V80: =IF(AND(بيانات!$B80<>"",بيانات!$G80="أنثى",بيانات!$H80>=13),COUNTA($V$3:V80),"")
A81: =IFERROR(INDEX(بيانات!$A$3:$A$202,MATCH(76,$S$3:$S$202,0)),"") | B81: =IFERROR(INDEX(بيانات!$B$3:$B$202,MATCH(76,$S$3:$S$202,0))&" "&INDEX(بيانات!$C$3:$C$202,MATCH(76,$S$3:$S$202,0)),"") | C81: =IFERROR(INDEX(بيانات!$H$3:$H$202,MATCH(76,$S$3:$S$202,0)),"") | E81: =IFERROR(INDEX(بيانات!$A$3:$A$202,MATCH(76,$T$3:$T$202,0)),"") | F81: =IFERROR(INDEX(بيانات!$B$3:$B$202,MATCH(76,$T$3:$T$202,0))&" "&INDEX(بيانات!$C$3:$C$202,MATCH(76,$T$3:$T$202,0)),"") | G81: =IFERROR(INDEX(بيانات!$H$3:$H$202,MATCH(76,$T$3:$T$202,0)),"") | I81: =IFERROR(INDEX(بيانات!$A$3:$A$202,MATCH(76,$U$3:$U$202,0)),"") | J81: =IFERROR(INDEX(بيانات!$B$3:$B$202,MATCH(76,$U$3:$U$202,0))&" "&INDEX(بيانات!$C$3:$C$202,MATCH(76,$U$3:$U$202,0)),"") | K81: =IFERROR(INDEX(بيانات!$H$3:$H$202,MATCH(76,$U$3:$U$202,0)),"") | M81: =IFERROR(INDEX(بيانات!$A$3:$A$202,MATCH(76,$V$3:$V$202,0)),"") | N81: =IFERROR(INDEX(بيانات!$B$3:$B$202,MATCH(76,$V$3:$V$202,0))&" "&INDEX(بيانات!$C$3:$C$202,MATCH(76,$V$3:$V$202,0)),"") | O81: =IFERROR(INDEX(بيانات!$H$3:$H$202,MATCH(76,$V$3:$V$202,0)),"") | S81: =IF(AND(بيانات!$B81<>"",بيانات!$G81="ذكر",بيانات!$H81<13),COUNTA($S$3:S81),"") | T81: =IF(AND(بيانات!$B81<>"",بيانات!$G81="أنثى",بيانات!$H81<13),COUNTA($T$3:T81),"") | U81: =IF(AND(بيانات!$B81<>"",بيانات!$G81="ذكر",بيانات!$H81>=13),COUNTA($U$3:U81),"") | V81: =IF(AND(بيانات!$B81<>"",بيانات!$G81="أنثى",بيانات!$H81>=13),COUNTA($V$3:V81),"")
A82: =IFERROR(INDEX(بيانات!$A$3:$A$202,MATCH(77,$S$3:$S$202,0)),"") | B82: =IFERROR(INDEX(بيانات!$B$3:$B$202,MATCH(77,$S$3:$S$202,0))&" "&INDEX(بيانات!$C$3:$C$202,MATCH(77,$S$3:$S$202,0)),"") | C82: =IFERROR(INDEX(بيانات!$H$3:$H$202,MATCH(77,$S$3:$S$202,0)),"") | E82: =IFERROR(INDEX(بيانات!$A$3:$A$202,MATCH(77,$T$3:$T$202,0)),"") | F82: =IFERROR(INDEX(بيانات!$B$3:$B$202,MATCH(77,$T$3:$T$202,0))&" "&INDEX(بيانات!$C$3:$C$202,MATCH(77,$T$3:$T$202,0)),"") | G82: =IFERROR(INDEX(بيانات!$H$3:$H$202,MATCH(77,$T$3:$T$202,0)),"") | I82: =IFERROR(INDEX(بيانات!$A$3:$A$202,MATCH(77,$U$3:$U$202,0)),"") | J82: =IFERROR(INDEX(بيانات!$B$3:$B$202,MATCH(77,$U$3:$U$202,0))&" "&INDEX(بيانات!$C$3:$C$202,MATCH(77,$U$3:$U$202,0)),"") | K82: =IFERROR(INDEX(بيانات!$H$3:$H$202,MATCH(77,$U$3:$U$202,0)),"") | M82: =IFERROR(INDEX(بيانات!$A$3:$A$202,MATCH(77,$V$3:$V$202,0)),"") | N82: =IFERROR(INDEX(بيانات!$B$3:$B$202,MATCH(77,$V$3:$V$202,0))&" "&INDEX(بيانات!$C$3:$C$202,MATCH(77,$V$3:$V$202,0)),"") | O82: =IFERROR(INDEX(بيانات!$H$3:$H$202,MATCH(77,$V$3:$V$202,0)),"") | S82: =IF(AND(بيانات!$B82<>"",بيانات!$G82="ذكر",بيانات!$H82<13),COUNTA($S$3:S82),"") | T82: =IF(AND(بيانات!$B82<>"",بيانات!$G82="أنثى",بيانات!$H82<13),COUNTA($T$3:T82),"") | U82: =IF(AND(بيانات!$B82<>"",بيانات!$G82="ذكر",بيانات!$H82>=13),COUNTA($U$3:U82),"") | V82: =IF(AND(بيانات!$B82<>"",بيانات!$G82="أنثى",بيانات!$H82>=13),COUNTA($V$3:V82),"")
A83: =IFERROR(INDEX(بيانات!$A$3:$A$202,MATCH(78,$S$3:$S$202,0)),"") | B83: =IFERROR(INDEX(بيانات!$B$3:$B$202,MATCH(78,$S$3:$S$202,0))&" "&INDEX(بيانات!$C$3:$C$202,MATCH(78,$S$3:$S$202,0)),"") | C83: =IFERROR(INDEX(بيانات!$H$3:$H$202,MATCH(78,$S$3:$S$202,0)),"") | E83: =IFERROR(INDEX(بيانات!$A$3:$A$202,MATCH(78,$T$3:$T$202,0)),"") | F83: =IFERROR(INDEX(بيانات!$B$3:$B$202,MATCH(78,$T$3:$T$202,0))&" "&INDEX(بيانات!$C$3:$C$202,MATCH(78,$T$3:$T$202,0)),"") | G83: =IFERROR(INDEX(بيانات!$H$3:$H$202,MATCH(78,$T$3:$T$202,0)),"") | I83: =IFERROR(INDEX(بيانات!$A$3:$A$202,MATCH(78,$U$3:$U$202,0)),"") | J83: =IFERROR(INDEX(بيانات!$B$3:$B$202,MATCH(78,$U$3:$U$202,0))&" "&INDEX(بيانات!$C$3:$C$202,MATCH(78,$U$3:$U$202,0)),"") | K83: =IFERROR(INDEX(بيانات!$H$3:$H$202,MATCH(78,$U$3:$U$202,0)),"") | M83: =IFERROR(INDEX(بيانات!$A$3:$A$202,MATCH(78,$V$3:$V$202,0)),"") | N83: =IFERROR(INDEX(بيانات!$B$3:$B$202,MATCH(78,$V$3:$V$202,0))&" "&INDEX(بيانات!$C$3:$C$202,MATCH(78,$V$3:$V$202,0)),"") | O83: =IFERROR(INDEX(بيانات!$H$3:$H$202,MATCH(78,$V$3:$V$202,0)),"") | S83: =IF(AND(بيانات!$B83<>"",بيانات!$G83="ذكر",بيانات!$H83<13),COUNTA($S$3:S83),"") | T83: =IF(AND(بيانات!$B83<>"",بيانات!$G83="أنثى",بيانات!$H83<13),COUNTA($T$3:T83),"") | U83: =IF(AND(بيانات!$B83<>"",بيانات!$G83="ذكر",بيانات!$H83>=13),COUNTA($U$3:U83),"") | V83: =IF(AND(بيانات!$B83<>"",بيانات!$G83="أنثى",بيانات!$H83>=13),COUNTA($V$3:V83),"")
A84: =IFERROR(INDEX(بيانات!$A$3:$A$202,MATCH(79,$S$3:$S$202,0)),"") | B84: =IFERROR(INDEX(بيانات!$B$3:$B$202,MATCH(79,$S$3:$S$202,0))&" "&INDEX(بيانات!$C$3:$C$202,MATCH(79,$S$3:$S$202,0)),"") | C84: =IFERROR(INDEX(بيانات!$H$3:$H$202,MATCH(79,$S$3:$S$202,0)),"") | E84: =IFERROR(INDEX(بيانات!$A$3:$A$202,MATCH(79,$T$3:$T$202,0)),"") | F84: =IFERROR(INDEX(بيانات!$B$3:$B$202,MATCH(79,$T$3:$T$202,0))&" "&INDEX(بيانات!$C$3:$C$202,MATCH(79,$T$3:$T$202,0)),"") | G84: =IFERROR(INDEX(بيانات!$H$3:$H$202,MATCH(79,$T$3:$T$202,0)),"") | I84: =IFERROR(INDEX(بيانات!$A$3:$A$202,MATCH(79,$U$3:$U$202,0)),"") | J84: =IFERROR(INDEX(بيانات!$B$3:$B$202,MATCH(79,$U$3:$U$202,0))&" "&INDEX(بيانات!$C$3:$C$202,MATCH(79,$U$3:$U$202,0)),"") | K84: =IFERROR(INDEX(بيانات!$H$3:$H$202,MATCH(79,$U$3:$U$202,0)),"") | M84: =IFERROR(INDEX(بيانات!$A$3:$A$202,MATCH(79,$V$3:$V$202,0)),"") | N84: =IFERROR(INDEX(بيانات!$B$3:$B$202,MATCH(79,$V$3:$V$202,0))&" "&INDEX(بيانات!$C$3:$C$202,MATCH(79,$V$3:$V$202,0)),"") | O84: =IFERROR(INDEX(بيانات!$H$3:$H$202,MATCH(79,$V$3:$V$202,0)),"") | S84: =IF(AND(بيانات!$B84<>"",بيانات!$G84="ذكر",بيانات!$H84<13),COUNTA($S$3:S84),"") | T84: =IF(AND(بيانات!$B84<>"",بيانات!$G84="أنثى",بيانات!$H84<13),COUNTA($T$3:T84),"") | U84: =IF(AND(بيانات!$B84<>"",بيانات!$G84="ذكر",بيانات!$H84>=13),COUNTA($U$3:U84),"") | V84: =IF(AND(بيانات!$B84<>"",بيانات!$G84="أنثى",بيانات!$H84>=13),COUNTA($V$3:V84),"")
A85: =IFERROR(INDEX(بيانات!$A$3:$A$202,MATCH(80,$S$3:$S$202,0)),"") | B85: =IFERROR(INDEX(بيانات!$B$3:$B$202,MATCH(80,$S$3:$S$202,0))&" "&INDEX(بيانات!$C$3:$C$202,MATCH(80,$S$3:$S$202,0)),"") | C85: =IFERROR(INDEX(بيانات!$H$3:$H$202,MATCH(80,$S$3:$S$202,0)),"") | E85: =IFERROR(INDEX(بيانات!$A$3:$A$202,MATCH(80,$T$3:$T$202,0)),"") | F85: =IFERROR(INDEX(بيانات!$B$3:$B$202,MATCH(80,$T$3:$T$202,0))&" "&INDEX(بيانات!$C$3:$C$202,MATCH(80,$T$3:$T$202,0)),"") | G85: =IFERROR(INDEX(بيانات!$H$3:$H$202,MATCH(80,$T$3:$T$202,0)),"") | I85: =IFERROR(INDEX(بيانات!$A$3:$A$202,MATCH(80,$U$3:$U$202,0)),"") | J85: =IFERROR(INDEX(بيانات!$B$3:$B$202,MATCH(80,$U$3:$U$202,0))&" "&INDEX(بيانات!$C$3:$C$202,MATCH(80,$U$3:$U$202,0)),"") | K85: =IFERROR(INDEX(بيانات!$H$3:$H$202,MATCH(80,$U$3:$U$202,0)),"") | M85: =IFERROR(INDEX(بيانات!$A$3:$A$202,MATCH(80,$V$3:$V$202,0)),"") | N85: =IFERROR(INDEX(بيانات!$B$3:$B$202,MATCH(80,$V$3:$V$202,0))&" "&INDEX(بيانات!$C$3:$C$202,MATCH(80,$V$3:$V$202,0)),"") | O85: =IFERROR(INDEX(بيانات!$H$3:$H$202,MATCH(80,$V$3:$V$202,0)),"") | S85: =IF(AND(بيانات!$B85<>"",بيانات!$G85="ذكر",بيانات!$H85<13),COUNTA($S$3:S85),"") | T85: =IF(AND(بيانات!$B85<>"",بيانات!$G85="أنثى",بيانات!$H85<13),COUNTA($T$3:T85),"") | U85: =IF(AND(بيانات!$B85<>"",بيانات!$G85="ذكر",بيانات!$H85>=13),COUNTA($U$3:U85),"") | V85: =IF(AND(بيانات!$B85<>"",بيانات!$G85="أنثى",بيانات!$H85>=13),COUNTA($V$3:V85),"")
A86: =IFERROR(INDEX(بيانات!$A$3:$A$202,MATCH(81,$S$3:$S$202,0)),"") | B86: =IFERROR(INDEX(بيانات!$B$3:$B$202,MATCH(81,$S$3:$S$202,0))&" "&INDEX(بيانات!$C$3:$C$202,MATCH(81,$S$3:$S$202,0)),"") | C86: =IFERROR(INDEX(بيانات!$H$3:$H$202,MATCH(81,$S$3:$S$202,0)),"") | E86: =IFERROR(INDEX(بيانات!$A$3:$A$202,MATCH(81,$T$3:$T$202,0)),"") | F86: =IFERROR(INDEX(بيانات!$B$3:$B$202,MATCH(81,$T$3:$T$202,0))&" "&INDEX(بيانات!$C$3:$C$202,MATCH(81,$T$3:$T$202,0)),"") | G86: =IFERROR(INDEX(بيانات!$H$3:$H$202,MATCH(81,$T$3:$T$202,0)),"") | I86: =IFERROR(INDEX(بيانات!$A$3:$A$202,MATCH(81,$U$3:$U$202,0)),"") | J86: =IFERROR(INDEX(بيانات!$B$3:$B$202,MATCH(81,$U$3:$U$202,0))&" "&INDEX(بيانات!$C$3:$C$202,MATCH(81,$U$3:$U$202,0)),"") | K86: =IFERROR(INDEX(بيانات!$H$3:$H$202,MATCH(81,$U$3:$U$202,0)),"") | M86: =IFERROR(INDEX(بيانات!$A$3:$A$202,MATCH(81,$V$3:$V$202,0)),"") | N86: =IFERROR(INDEX(بيانات!$B$3:$B$202,MATCH(81,$V$3:$V$202,0))&" "&INDEX(بيانات!$C$3:$C$202,MATCH(81,$V$3:$V$202,0)),"") | O86: =IFERROR(INDEX(بيانات!$H$3:$H$202,MATCH(81,$V$3:$V$202,0)),"") | S86: =IF(AND(بيانات!$B86<>"",بيانات!$G86="ذكر",بيانات!$H86<13),COUNTA($S$3:S86),"") | T86: =IF(AND(بيانات!$B86<>"",بيانات!$G86="أنثى",بيانات!$H86<13),COUNTA($T$3:T86),"") | U86: =IF(AND(بيانات!$B86<>"",بيانات!$G86="ذكر",بيانات!$H86>=13),COUNTA($U$3:U86),"") | V86: =IF(AND(بيانات!$B86<>"",بيانات!$G86="أنثى",بيانات!$H86>=13),COUNTA($V$3:V86),"")
A87: =IFERROR(INDEX(بيانات!$A$3:$A$202,MATCH(82,$S$3:$S$202,0)),"") | B87: =IFERROR(INDEX(بيانات!$B$3:$B$202,MATCH(82,$S$3:$S$202,0))&" "&INDEX(بيانات!$C$3:$C$202,MATCH(82,$S$3:$S$202,0)),"") | C87: =IFERROR(INDEX(بيانات!$H$3:$H$202,MATCH(82,$S$3:$S$202,0)),"") | E87: =IFERROR(INDEX(بيانات!$A$3:$A$202,MATCH(82,$T$3:$T$202,0)),"") | F87: =IFERROR(INDEX(بيانات!$B$3:$B$202,MATCH(82,$T$3:$T$202,0))&" "&INDEX(بيانات!$C$3:$C$202,MATCH(82,$T$3:$T$202,0)),"") | G87: =IFERROR(INDEX(بيانات!$H$3:$H$202,MATCH(82,$T$3:$T$202,0)),"") | I87: =IFERROR(INDEX(بيانات!$A$3:$A$202,MATCH(82,$U$3:$U$202,0)),"") | J87: =IFERROR(INDEX(بيانات!$B$3:$B$202,MATCH(82,$U$3:$U$202,0))&" "&INDEX(بيانات!$C$3:$C$202,MATCH(82,$U$3:$U$202,0)),"") | K87: =IFERROR(INDEX(بيانات!$H$3:$H$202,MATCH(82,$U$3:$U$202,0)),"") | M87: =IFERROR(INDEX(بيانات!$A$3:$A$202,MATCH(82,$V$3:$V$202,0)),"") | N87: =IFERROR(INDEX(بيانات!$B$3:$B$202,MATCH(82,$V$3:$V$202,0))&" "&INDEX(بيانات!$C$3:$C$202,MATCH(82,$V$3:$V$202,0)),"") | O87: =IFERROR(INDEX(بيانات!$H$3:$H$202,MATCH(82,$V$3:$V$202,0)),"") | S87: =IF(AND(بيانات!$B87<>"",بيانات!$G87="ذكر",بيانات!$H87<13),COUNTA($S$3:S87),"") | T87: =IF(AND(بيانات!$B87<>"",بيانات!$G87="أنثى",بيانات!$H87<13),COUNTA($T$3:T87),"") | U87: =IF(AND(بيانات!$B87<>"",بيانات!$G87="ذكر",بيانات!$H87>=13),COUNTA($U$3:U87),"") | V87: =IF(AND(بيانات!$B87<>"",بيانات!$G87="أنثى",بيانات!$H87>=13),COUNTA($V$3:V87),"")
A88: =IFERROR(INDEX(بيانات!$A$3:$A$202,MATCH(83,$S$3:$S$202,0)),"") | B88: =IFERROR(INDEX(بيانات!$B$3:$B$202,MATCH(83,$S$3:$S$202,0))&" "&INDEX(بيانات!$C$3:$C$202,MATCH(83,$S$3:$S$202,0)),"") | C88: =IFERROR(INDEX(بيانات!$H$3:$H$202,MATCH(83,$S$3:$S$202,0)),"") | E88: =IFERROR(INDEX(بيانات!$A$3:$A$202,MATCH(83,$T$3:$T$202,0)),"") | F88: =IFERROR(INDEX(بيانات!$B$3:$B$202,MATCH(83,$T$3:$T$202,0))&" "&INDEX(بيانات!$C$3:$C$202,MATCH(83,$T$3:$T$202,0)),"") | G88: =IFERROR(INDEX(بيانات!$H$3:$H$202,MATCH(83,$T$3:$T$202,0)),"") | I88: =IFERROR(INDEX(بيانات!$A$3:$A$202,MATCH(83,$U$3:$U$202,0)),"") | J88: =IFERROR(INDEX(بيانات!$B$3:$B$202,MATCH(83,$U$3:$U$202,0))&" "&INDEX(بيانات!$C$3:$C$202,MATCH(83,$U$3:$U$202,0)),"") | K88: =IFERROR(INDEX(بيانات!$H$3:$H$202,MATCH(83,$U$3:$U$202,0)),"") | M88: =IFERROR(INDEX(بيانات!$A$3:$A$202,MATCH(83,$V$3:$V$202,0)),"") | N88: =IFERROR(INDEX(بيانات!$B$3:$B$202,MATCH(83,$V$3:$V$202,0))&" "&INDEX(بيانات!$C$3:$C$202,MATCH(83,$V$3:$V$202,0)),"") | O88: =IFERROR(INDEX(بيانات!$H$3:$H$202,MATCH(83,$V$3:$V$202,0)),"") | S88: =IF(AND(بيانات!$B88<>"",بيانات!$G88="ذكر",بيانات!$H88<13),COUNTA($S$3:S88),"") | T88: =IF(AND(بيانات!$B88<>"",بيانات!$G88="أنثى",بيانات!$H88<13),COUNTA($T$3:T88),"") | U88: =IF(AND(بيانات!$B88<>"",بيانات!$G88="ذكر",بيانات!$H88>=13),COUNTA($U$3:U88),"") | V88: =IF(AND(بيانات!$B88<>"",بيانات!$G88="أنثى",بيانات!$H88>=13),COUNTA($V$3:V88),"")
A89: =IFERROR(INDEX(بيانات!$A$3:$A$202,MATCH(84,$S$3:$S$202,0)),"") | B89: =IFERROR(INDEX(بيانات!$B$3:$B$202,MATCH(84,$S$3:$S$202,0))&" "&INDEX(بيانات!$C$3:$C$202,MATCH(84,$S$3:$S$202,0)),"") | C89: =IFERROR(INDEX(بيانات!$H$3:$H$202,MATCH(84,$S$3:$S$202,0)),"") | E89: =IFERROR(INDEX(بيانات!$A$3:$A$202,MATCH(84,$T$3:$T$202,0)),"") | F89: =IFERROR(INDEX(بيانات!$B$3:$B$202,MATCH(84,$T$3:$T$202,0))&" "&INDEX(بيانات!$C$3:$C$202,MATCH(84,$T$3:$T$202,0)),"") | G89: =IFERROR(INDEX(بيانات!$H$3:$H$202,MATCH(84,$T$3:$T$202,0)),"") | I89: =IFERROR(INDEX(بيانات!$A$3:$A$202,MATCH(84,$U$3:$U$202,0)),"") | J89: =IFERROR(INDEX(بيانات!$B$3:$B$202,MATCH(84,$U$3:$U$202,0))&" "&INDEX(بيانات!$C$3:$C$202,MATCH(84,$U$3:$U$202,0)),"") | K89: =IFERROR(INDEX(بيانات!$H$3:$H$202,MATCH(84,$U$3:$U$202,0)),"") | M89: =IFERROR(INDEX(بيانات!$A$3:$A$202,MATCH(84,$V$3:$V$202,0)),"") | N89: =IFERROR(INDEX(بيانات!$B$3:$B$202,MATCH(84,$V$3:$V$202,0))&" "&INDEX(بيانات!$C$3:$C$202,MATCH(84,$V$3:$V$202,0)),"") | O89: =IFERROR(INDEX(بيانات!$H$3:$H$202,MATCH(84,$V$3:$V$202,0)),"") | S89: =IF(AND(بيانات!$B89<>"",بيانات!$G89="ذكر",بيانات!$H89<13),COUNTA($S$3:S89),"") | T89: =IF(AND(بيانات!$B89<>"",بيانات!$G89="أنثى",بيانات!$H89<13),COUNTA($T$3:T89),"") | U89: =IF(AND(بيانات!$B89<>"",بيانات!$G89="ذكر",بيانات!$H89>=13),COUNTA($U$3:U89),"") | V89: =IF(AND(بيانات!$B89<>"",بيانات!$G89="أنثى",بيانات!$H89>=13),COUNTA($V$3:V89),"")
A90: =IFERROR(INDEX(بيانات!$A$3:$A$202,MATCH(85,$S$3:$S$202,0)),"") | B90: =IFERROR(INDEX(بيانات!$B$3:$B$202,MATCH(85,$S$3:$S$202,0))&" "&INDEX(بيانات!$C$3:$C$202,MATCH(85,$S$3:$S$202,0)),"") | C90: =IFERROR(INDEX(بيانات!$H$3:$H$202,MATCH(85,$S$3:$S$202,0)),"") | E90: =IFERROR(INDEX(بيانات!$A$3:$A$202,MATCH(85,$T$3:$T$202,0)),"") | F90: =IFERROR(INDEX(بيانات!$B$3:$B$202,MATCH(85,$T$3:$T$202,0))&" "&INDEX(بيانات!$C$3:$C$202,MATCH(85,$T$3:$T$202,0)),"") | G90: =IFERROR(INDEX(بيانات!$H$3:$H$202,MATCH(85,$T$3:$T$202,0)),"") | I90: =IFERROR(INDEX(بيانات!$A$3:$A$202,MATCH(85,$U$3:$U$202,0)),"") | J90: =IFERROR(INDEX(بيانات!$B$3:$B$202,MATCH(85,$U$3:$U$202,0))&" "&INDEX(بيانات!$C$3:$C$202,MATCH(85,$U$3:$U$202,0)),"") | K90: =IFERROR(INDEX(بيانات!$H$3:$H$202,MATCH(85,$U$3:$U$202,0)),"") | M90: =IFERROR(INDEX(بيانات!$A$3:$A$202,MATCH(85,$V$3:$V$202,0)),"") | N90: =IFERROR(INDEX(بيانات!$B$3:$B$202,MATCH(85,$V$3:$V$202,0))&" "&INDEX(بيانات!$C$3:$C$202,MATCH(85,$V$3:$V$202,0)),"") | O90: =IFERROR(INDEX(بيانات!$H$3:$H$202,MATCH(85,$V$3:$V$202,0)),"") | S90: =IF(AND(بيانات!$B90<>"",بيانات!$G90="ذكر",بيانات!$H90<13),COUNTA($S$3:S90),"") | T90: =IF(AND(بيانات!$B90<>"",بيانات!$G90="أنثى",بيانات!$H90<13),COUNTA($T$3:T90),"") | U90: =IF(AND(بيانات!$B90<>"",بيانات!$G90="ذكر",بيانات!$H90>=13),COUNTA($U$3:U90),"") | V90: =IF(AND(بيانات!$B90<>"",بيانات!$G90="أنثى",بيانات!$H90>=13),COUNTA($V$3:V90),"")
A91: =IFERROR(INDEX(بيانات!$A$3:$A$202,MATCH(86,$S$3:$S$202,0)),"") | B91: =IFERROR(INDEX(بيانات!$B$3:$B$202,MATCH(86,$S$3:$S$202,0))&" "&INDEX(بيانات!$C$3:$C$202,MATCH(86,$S$3:$S$202,0)),"") | C91: =IFERROR(INDEX(بيانات!$H$3:$H$202,MATCH(86,$S$3:$S$202,0)),"") | E91: =IFERROR(INDEX(بيانات!$A$3:$A$202,MATCH(86,$T$3:$T$202,0)),"") | F91: =IFERROR(INDEX(بيانات!$B$3:$B$202,MATCH(86,$T$3:$T$202,0))&" "&INDEX(بيانات!$C$3:$C$202,MATCH(86,$T$3:$T$202,0)),"") | G91: =IFERROR(INDEX(بيانات!$H$3:$H$202,MATCH(86,$T$3:$T$202,0)),"") | I91: =IFERROR(INDEX(بيانات!$A$3:$A$202,MATCH(86,$U$3:$U$202,0)),"") | J91: =IFERROR(INDEX(بيانات!$B$3:$B$202,MATCH(86,$U$3:$U$202,0))&" "&INDEX(بيانات!$C$3:$C$202,MATCH(86,$U$3:$U$202,0)),"") | K91: =IFERROR(INDEX(بيانات!$H$3:$H$202,MATCH(86,$U$3:$U$202,0)),"") | M91: =IFERROR(INDEX(بيانات!$A$3:$A$202,MATCH(86,$V$3:$V$202,0)),"") | N91: =IFERROR(INDEX(بيانات!$B$3:$B$202,MATCH(86,$V$3:$V$202,0))&" "&INDEX(بيانات!$C$3:$C$202,MATCH(86,$V$3:$V$202,0)),"") | O91: =IFERROR(INDEX(بيانات!$H$3:$H$202,MATCH(86,$V$3:$V$202,0)),"") | S91: =IF(AND(بيانات!$B91<>"",بيانات!$G91="ذكر",بيانات!$H91<13),COUNTA($S$3:S91),"") | T91: =IF(AND(بيانات!$B91<>"",بيانات!$G91="أنثى",بيانات!$H91<13),COUNTA($T$3:T91),"") | U91: =IF(AND(بيانات!$B91<>"",بيانات!$G91="ذكر",بيانات!$H91>=13),COUNTA($U$3:U91),"") | V91: =IF(AND(بيانات!$B91<>"",بيانات!$G91="أنثى",بيانات!$H91>=13),COUNTA($V$3:V91),"")
A92: =IFERROR(INDEX(بيانات!$A$3:$A$202,MATCH(87,$S$3:$S$202,0)),"") | B92: =IFERROR(INDEX(بيانات!$B$3:$B$202,MATCH(87,$S$3:$S$202,0))&" "&INDEX(بيانات!$C$3:$C$202,MATCH(87,$S$3:$S$202,0)),"") | C92: =IFERROR(INDEX(بيانات!$H$3:$H$202,MATCH(87,$S$3:$S$202,0)),"") | E92: =IFERROR(INDEX(بيانات!$A$3:$A$202,MATCH(87,$T$3:$T$202,0)),"") | F92: =IFERROR(INDEX(بيانات!$B$3:$B$202,MATCH(87,$T$3:$T$202,0))&" "&INDEX(بيانات!$C$3:$C$202,MATCH(87,$T$3:$T$202,0)),"") | G92: =IFERROR(INDEX(بيانات!$H$3:$H$202,MATCH(87,$T$3:$T$202,0)),"") | I92: =IFERROR(INDEX(بيانات!$A$3:$A$202,MATCH(87,$U$3:$U$202,0)),"") | J92: =IFERROR(INDEX(بيانات!$B$3:$B$202,MATCH(87,$U$3:$U$202,0))&" "&INDEX(بيانات!$C$3:$C$202,MATCH(87,$U$3:$U$202,0)),"") | K92: =IFERROR(INDEX(بيانات!$H$3:$H$202,MATCH(87,$U$3:$U$202,0)),"") | M92: =IFERROR(INDEX(بيانات!$A$3:$A$202,MATCH(87,$V$3:$V$202,0)),"") | N92: =IFERROR(INDEX(بيانات!$B$3:$B$202,MATCH(87,$V$3:$V$202,0))&" "&INDEX(بيانات!$C$3:$C$202,MATCH(87,$V$3:$V$202,0)),"") | O92: =IFERROR(INDEX(بيانات!$H$3:$H$202,MATCH(87,$V$3:$V$202,0)),"") | S92: =IF(AND(بيانات!$B92<>"",بيانات!$G92="ذكر",بيانات!$H92<13),COUNTA($S$3:S92),"") | T92: =IF(AND(بيانات!$B92<>"",بيانات!$G92="أنثى",بيانات!$H92<13),COUNTA($T$3:T92),"") | U92: =IF(AND(بيانات!$B92<>"",بيانات!$G92="ذكر",بيانات!$H92>=13),COUNTA($U$3:U92),"") | V92: =IF(AND(بيانات!$B92<>"",بيانات!$G92="أنثى",بيانات!$H92>=13),COUNTA($V$3:V92),"")
A93: =IFERROR(INDEX(بيانات!$A$3:$A$202,MATCH(88,$S$3:$S$202,0)),"") | B93: =IFERROR(INDEX(بيانات!$B$3:$B$202,MATCH(88,$S$3:$S$202,0))&" "&INDEX(بيانات!$C$3:$C$202,MATCH(88,$S$3:$S$202,0)),"") | C93: =IFERROR(INDEX(بيانات!$H$3:$H$202,MATCH(88,$S$3:$S$202,0)),"") | E93: =IFERROR(INDEX(بيانات!$A$3:$A$202,MATCH(88,$T$3:$T$202,0)),"") | F93: =IFERROR(INDEX(بيانات!$B$3:$B$202,MATCH(88,$T$3:$T$202,0))&" "&INDEX(بيانات!$C$3:$C$202,MATCH(88,$T$3:$T$202,0)),"") | G93: =IFERROR(INDEX(بيانات!$H$3:$H$202,MATCH(88,$T$3:$T$202,0)),"") | I93: =IFERROR(INDEX(بيانات!$A$3:$A$202,MATCH(88,$U$3:$U$202,0)),"") | J93: =IFERROR(INDEX(بيانات!$B$3:$B$202,MATCH(88,$U$3:$U$202,0))&" "&INDEX(بيانات!$C$3:$C$202,MATCH(88,$U$3:$U$202,0)),"") | K93: =IFERROR(INDEX(بيانات!$H$3:$H$202,MATCH(88,$U$3:$U$202,0)),"") | M93: =IFERROR(INDEX(بيانات!$A$3:$A$202,MATCH(88,$V$3:$V$202,0)),"") | N93: =IFERROR(INDEX(بيانات!$B$3:$B$202,MATCH(88,$V$3:$V$202,0))&" "&INDEX(بيانات!$C$3:$C$202,MATCH(88,$V$3:$V$202,0)),"") | O93: =IFERROR(INDEX(بيانات!$H$3:$H$202,MATCH(88,$V$3:$V$202,0)),"") | S93: =IF(AND(بيانات!$B93<>"",بيانات!$G93="ذكر",بيانات!$H93<13),COUNTA($S$3:S93),"") | T93: =IF(AND(بيانات!$B93<>"",بيانات!$G93="أنثى",بيانات!$H93<13),COUNTA($T$3:T93),"") | U93: =IF(AND(بيانات!$B93<>"",بيانات!$G93="ذكر",بيانات!$H93>=13),COUNTA($U$3:U93),"") | V93: =IF(AND(بيانات!$B93<>"",بيانات!$G93="أنثى",بيانات!$H93>=13),COUNTA($V$3:V93),"")
A94: =IFERROR(INDEX(بيانات!$A$3:$A$202,MATCH(89,$S$3:$S$202,0)),"") | B94: =IFERROR(INDEX(بيانات!$B$3:$B$202,MATCH(89,$S$3:$S$202,0))&" "&INDEX(بيانات!$C$3:$C$202,MATCH(89,$S$3:$S$202,0)),"") | C94: =IFERROR(INDEX(بيانات!$H$3:$H$202,MATCH(89,$S$3:$S$202,0)),"") | E94: =IFERROR(INDEX(بيانات!$A$3:$A$202,MATCH(89,$T$3:$T$202,0)),"") | F94: =IFERROR(INDEX(بيانات!$B$3:$B$202,MATCH(89,$T$3:$T$202,0))&" "&INDEX(بيانات!$C$3:$C$202,MATCH(89,$T$3:$T$202,0)),"") | G94: =IFERROR(INDEX(بيانات!$H$3:$H$202,MATCH(89,$T$3:$T$202,0)),"") | I94: =IFERROR(INDEX(بيانات!$A$3:$A$202,MATCH(89,$U$3:$U$202,0)),"") | J94: =IFERROR(INDEX(بيانات!$B$3:$B$202,MATCH(89,$U$3:$U$202,0))&" "&INDEX(بيانات!$C$3:$C$202,MATCH(89,$U$3:$U$202,0)),"") | K94: =IFERROR(INDEX(بيانات!$H$3:$H$202,MATCH(89,$U$3:$U$202,0)),"") | M94: =IFERROR(INDEX(بيانات!$A$3:$A$202,MATCH(89,$V$3:$V$202,0)),"") | N94: =IFERROR(INDEX(بيانات!$B$3:$B$202,MATCH(89,$V$3:$V$202,0))&" "&INDEX(بيانات!$C$3:$C$202,MATCH(89,$V$3:$V$202,0)),"") | O94: =IFERROR(INDEX(بيانات!$H$3:$H$202,MATCH(89,$V$3:$V$202,0)),"") | S94: =IF(AND(بيانات!$B94<>"",بيانات!$G94="ذكر",بيانات!$H94<13),COUNTA($S$3:S94),"") | T94: =IF(AND(بيانات!$B94<>"",بيانات!$G94="أنثى",بيانات!$H94<13),COUNTA($T$3:T94),"") | U94: =IF(AND(بيانات!$B94<>"",بيانات!$G94="ذكر",بيانات!$H94>=13),COUNTA($U$3:U94),"") | V94: =IF(AND(بيانات!$B94<>"",بيانات!$G94="أنثى",بيانات!$H94>=13),COUNTA($V$3:V94),"")
A95: =IFERROR(INDEX(بيانات!$A$3:$A$202,MATCH(90,$S$3:$S$202,0)),"") | B95: =IFERROR(INDEX(بيانات!$B$3:$B$202,MATCH(90,$S$3:$S$202,0))&" "&INDEX(بيانات!$C$3:$C$202,MATCH(90,$S$3:$S$202,0)),"") | C95: =IFERROR(INDEX(بيانات!$H$3:$H$202,MATCH(90,$S$3:$S$202,0)),"") | E95: =IFERROR(INDEX(بيانات!$A$3:$A$202,MATCH(90,$T$3:$T$202,0)),"") | F95: =IFERROR(INDEX(بيانات!$B$3:$B$202,MATCH(90,$T$3:$T$202,0))&" "&INDEX(بيانات!$C$3:$C$202,MATCH(90,$T$3:$T$202,0)),"") | G95: =IFERROR(INDEX(بيانات!$H$3:$H$202,MATCH(90,$T$3:$T$202,0)),"") | I95: =IFERROR(INDEX(بيانات!$A$3:$A$202,MATCH(90,$U$3:$U$202,0)),"") | J95: =IFERROR(INDEX(بيانات!$B$3:$B$202,MATCH(90,$U$3:$U$202,0))&" "&INDEX(بيانات!$C$3:$C$202,MATCH(90,$U$3:$U$202,0)),"") | K95: =IFERROR(INDEX(بيانات!$H$3:$H$202,MATCH(90,$U$3:$U$202,0)),"") | M95: =IFERROR(INDEX(بيانات!$A$3:$A$202,MATCH(90,$V$3:$V$202,0)),"") | N95: =IFERROR(INDEX(بيانات!$B$3:$B$202,MATCH(90,$V$3:$V$202,0))&" "&INDEX(بيانات!$C$3:$C$202,MATCH(90,$V$3:$V$202,0)),"") | O95: =IFERROR(INDEX(بيانات!$H$3:$H$202,MATCH(90,$V$3:$V$202,0)),"") | S95: =IF(AND(بيانات!$B95<>"",بيانات!$G95="ذكر",بيانات!$H95<13),COUNTA($S$3:S95),"") | T95: =IF(AND(بيانات!$B95<>"",بيانات!$G95="أنثى",بيانات!$H95<13),COUNTA($T$3:T95),"") | U95: =IF(AND(بيانات!$B95<>"",بيانات!$G95="ذكر",بيانات!$H95>=13),COUNTA($U$3:U95),"") | V95: =IF(AND(بيانات!$B95<>"",بيانات!$G95="أنثى",بيانات!$H95>=13),COUNTA($V$3:V95),"")
A96: =IFERROR(INDEX(بيانات!$A$3:$A$202,MATCH(91,$S$3:$S$202,0)),"") | B96: =IFERROR(INDEX(بيانات!$B$3:$B$202,MATCH(91,$S$3:$S$202,0))&" "&INDEX(بيانات!$C$3:$C$202,MATCH(91,$S$3:$S$202,0)),"") | C96: =IFERROR(INDEX(بيانات!$H$3:$H$202,MATCH(91,$S$3:$S$202,0)),"") | E96: =IFERROR(INDEX(بيانات!$A$3:$A$202,MATCH(91,$T$3:$T$202,0)),"") | F96: =IFERROR(INDEX(بيانات!$B$3:$B$202,MATCH(91,$T$3:$T$202,0))&" "&INDEX(بيانات!$C$3:$C$202,MATCH(91,$T$3:$T$202,0)),"") | G96: =IFERROR(INDEX(بيانات!$H$3:$H$202,MATCH(91,$T$3:$T$202,0)),"") | I96: =IFERROR(INDEX(بيانات!$A$3:$A$202,MATCH(91,$U$3:$U$202,0)),"") | J96: =IFERROR(INDEX(بيانات!$B$3:$B$202,MATCH(91,$U$3:$U$202,0))&" "&INDEX(بيانات!$C$3:$C$202,MATCH(91,$U$3:$U$202,0)),"") | K96: =IFERROR(INDEX(بيانات!$H$3:$H$202,MATCH(91,$U$3:$U$202,0)),"") | M96: =IFERROR(INDEX(بيانات!$A$3:$A$202,MATCH(91,$V$3:$V$202,0)),"") | N96: =IFERROR(INDEX(بيانات!$B$3:$B$202,MATCH(91,$V$3:$V$202,0))&" "&INDEX(بيانات!$C$3:$C$202,MATCH(91,$V$3:$V$202,0)),"") | O96: =IFERROR(INDEX(بيانات!$H$3:$H$202,MATCH(91,$V$3:$V$202,0)),"") | S96: =IF(AND(بيانات!$B96<>"",بيانات!$G96="ذكر",بيانات!$H96<13),COUNTA($S$3:S96),"") | T96: =IF(AND(بيانات!$B96<>"",بيانات!$G96="أنثى",بيانات!$H96<13),COUNTA($T$3:T96),"") | U96: =IF(AND(بيانات!$B96<>"",بيانات!$G96="ذكر",بيانات!$H96>=13),COUNTA($U$3:U96),"") | V96: =IF(AND(بيانات!$B96<>"",بيانات!$G96="أنثى",بيانات!$H96>=13),COUNTA($V$3:V96),"")
A97: =IFERROR(INDEX(بيانات!$A$3:$A$202,MATCH(92,$S$3:$S$202,0)),"") | B97: =IFERROR(INDEX(بيانات!$B$3:$B$202,MATCH(92,$S$3:$S$202,0))&" "&INDEX(بيانات!$C$3:$C$202,MATCH(92,$S$3:$S$202,0)),"") | C97: =IFERROR(INDEX(بيانات!$H$3:$H$202,MATCH(92,$S$3:$S$202,0)),"") | E97: =IFERROR(INDEX(بيانات!$A$3:$A$202,MATCH(92,$T$3:$T$202,0)),"") | F97: =IFERROR(INDEX(بيانات!$B$3:$B$202,MATCH(92,$T$3:$T$202,0))&" "&INDEX(بيانات!$C$3:$C$202,MATCH(92,$T$3:$T$202,0)),"") | G97: =IFERROR(INDEX(بيانات!$H$3:$H$202,MATCH(92,$T$3:$T$202,0)),"") | I97: =IFERROR(INDEX(بيانات!$A$3:$A$202,MATCH(92,$U$3:$U$202,0)),"") | J97: =IFERROR(INDEX(بيانات!$B$3:$B$202,MATCH(92,$U$3:$U$202,0))&" "&INDEX(بيانات!$C$3:$C$202,MATCH(92,$U$3:$U$202,0)),"") | K97: =IFERROR(INDEX(بيانات!$H$3:$H$202,MATCH(92,$U$3:$U$202,0)),"") | M97: =IFERROR(INDEX(بيانات!$A$3:$A$202,MATCH(92,$V$3:$V$202,0)),"") | N97: =IFERROR(INDEX(بيانات!$B$3:$B$202,MATCH(92,$V$3:$V$202,0))&" "&INDEX(بيانات!$C$3:$C$202,MATCH(92,$V$3:$V$202,0)),"") | O97: =IFERROR(INDEX(بيانات!$H$3:$H$202,MATCH(92,$V$3:$V$202,0)),"") | S97: =IF(AND(بيانات!$B97<>"",بيانات!$G97="ذكر",بيانات!$H97<13),COUNTA($S$3:S97),"") | T97: =IF(AND(بيانات!$B97<>"",بيانات!$G97="أنثى",بيانات!$H97<13),COUNTA($T$3:T97),"") | U97: =IF(AND(بيانات!$B97<>"",بيانات!$G97="ذكر",بيانات!$H97>=13),COUNTA($U$3:U97),"") | V97: =IF(AND(بيانات!$B97<>"",بيانات!$G97="أنثى",بيانات!$H97>=13),COUNTA($V$3:V97),"")
A98: =IFERROR(INDEX(بيانات!$A$3:$A$202,MATCH(93,$S$3:$S$202,0)),"") | B98: =IFERROR(INDEX(بيانات!$B$3:$B$202,MATCH(93,$S$3:$S$202,0))&" "&INDEX(بيانات!$C$3:$C$202,MATCH(93,$S$3:$S$202,0)),"") | C98: =IFERROR(INDEX(بيانات!$H$3:$H$202,MATCH(93,$S$3:$S$202,0)),"") | E98: =IFERROR(INDEX(بيانات!$A$3:$A$202,MATCH(93,$T$3:$T$202,0)),"") | F98: =IFERROR(INDEX(بيانات!$B$3:$B$202,MATCH(93,$T$3:$T$202,0))&" "&INDEX(بيانات!$C$3:$C$202,MATCH(93,$T$3:$T$202,0)),"") | G98: =IFERROR(INDEX(بيانات!$H$3:$H$202,MATCH(93,$T$3:$T$202,0)),"") | I98: =IFERROR(INDEX(بيانات!$A$3:$A$202,MATCH(93,$U$3:$U$202,0)),"") | J98: =IFERROR(INDEX(بيانات!$B$3:$B$202,MATCH(93,$U$3:$U$202,0))&" "&INDEX(بيانات!$C$3:$C$202,MATCH(93,$U$3:$U$202,0)),"") | K98: =IFERROR(INDEX(بيانات!$H$3:$H$202,MATCH(93,$U$3:$U$202,0)),"") | M98: =IFERROR(INDEX(بيانات!$A$3:$A$202,MATCH(93,$V$3:$V$202,0)),"") | N98: =IFERROR(INDEX(بيانات!$B$3:$B$202,MATCH(93,$V$3:$V$202,0))&" "&INDEX(بيانات!$C$3:$C$202,MATCH(93,$V$3:$V$202,0)),"") | O98: =IFERROR(INDEX(بيانات!$H$3:$H$202,MATCH(93,$V$3:$V$202,0)),"") | S98: =IF(AND(بيانات!$B98<>"",بيانات!$G98="ذكر",بيانات!$H98<13),COUNTA($S$3:S98),"") | T98: =IF(AND(بيانات!$B98<>"",بيانات!$G98="أنثى",بيانات!$H98<13),COUNTA($T$3:T98),"") | U98: =IF(AND(بيانات!$B98<>"",بيانات!$G98="ذكر",بيانات!$H98>=13),COUNTA($U$3:U98),"") | V98: =IF(AND(بيانات!$B98<>"",بيانات!$G98="أنثى",بيانات!$H98>=13),COUNTA($V$3:V98),"")
A99: =IFERROR(INDEX(بيانات!$A$3:$A$202,MATCH(94,$S$3:$S$202,0)),"") | B99: =IFERROR(INDEX(بيانات!$B$3:$B$202,MATCH(94,$S$3:$S$202,0))&" "&INDEX(بيانات!$C$3:$C$202,MATCH(94,$S$3:$S$202,0)),"") | C99: =IFERROR(INDEX(بيانات!$H$3:$H$202,MATCH(94,$S$3:$S$202,0)),"") | E99: =IFERROR(INDEX(بيانات!$A$3:$A$202,MATCH(94,$T$3:$T$202,0)),"") | F99: =IFERROR(INDEX(بيانات!$B$3:$B$202,MATCH(94,$T$3:$T$202,0))&" "&INDEX(بيانات!$C$3:$C$202,MATCH(94,$T$3:$T$202,0)),"") | G99: =IFERROR(INDEX(بيانات!$H$3:$H$202,MATCH(94,$T$3:$T$202,0)),"") | I99: =IFERROR(INDEX(بيانات!$A$3:$A$202,MATCH(94,$U$3:$U$202,0)),"") | J99: =IFERROR(INDEX(بيانات!$B$3:$B$202,MATCH(94,$U$3:$U$202,0))&" "&INDEX(بيانات!$C$3:$C$202,MATCH(94,$U$3:$U$202,0)),"") | K99: =IFERROR(INDEX(بيانات!$H$3:$H$202,MATCH(94,$U$3:$U$202,0)),"") | M99: =IFERROR(INDEX(بيانات!$A$3:$A$202,MATCH(94,$V$3:$V$202,0)),"") | N99: =IFERROR(INDEX(بيانات!$B$3:$B$202,MATCH(94,$V$3:$V$202,0))&" "&INDEX(بيانات!$C$3:$C$202,MATCH(94,$V$3:$V$202,0)),"") | O99: =IFERROR(INDEX(بيانات!$H$3:$H$202,MATCH(94,$V$3:$V$202,0)),"") | S99: =IF(AND(بيانات!$B99<>"",بيانات!$G99="ذكر",بيانات!$H99<13),COUNTA($S$3:S99),"") | T99: =IF(AND(بيانات!$B99<>"",بيانات!$G99="أنثى",بيانات!$H99<13),COUNTA($T$3:T99),"") | U99: =IF(AND(بيانات!$B99<>"",بيانات!$G99="ذكر",بيانات!$H99>=13),COUNTA($U$3:U99),"") | V99: =IF(AND(بيانات!$B99<>"",بيانات!$G99="أنثى",بيانات!$H99>=13),COUNTA($V$3:V99),"")
A100: =IFERROR(INDEX(بيانات!$A$3:$A$202,MATCH(95,$S$3:$S$202,0)),"") | B100: =IFERROR(INDEX(بيانات!$B$3:$B$202,MATCH(95,$S$3:$S$202,0))&" "&INDEX(بيانات!$C$3:$C$202,MATCH(95,$S$3:$S$202,0)),"") | C100: =IFERROR(INDEX(بيانات!$H$3:$H$202,MATCH(95,$S$3:$S$202,0)),"") | E100: =IFERROR(INDEX(بيانات!$A$3:$A$202,MATCH(95,$T$3:$T$202,0)),"") | F100: =IFERROR(INDEX(بيانات!$B$3:$B$202,MATCH(95,$T$3:$T$202,0))&" "&INDEX(بيانات!$C$3:$C$202,MATCH(95,$T$3:$T$202,0)),"") | G100: =IFERROR(INDEX(بيانات!$H$3:$H$202,MATCH(95,$T$3:$T$202,0)),"") | I100: =IFERROR(INDEX(بيانات!$A$3:$A$202,MATCH(95,$U$3:$U$202,0)),"") | J100: =IFERROR(INDEX(بيانات!$B$3:$B$202,MATCH(95,$U$3:$U$202,0))&" "&INDEX(بيانات!$C$3:$C$202,MATCH(95,$U$3:$U$202,0)),"") | K100: =IFERROR(INDEX(بيانات!$H$3:$H$202,MATCH(95,$U$3:$U$202,0)),"") | M100: =IFERROR(INDEX(بيانات!$A$3:$A$202,MATCH(95,$V$3:$V$202,0)),"") | N100: =IFERROR(INDEX(بيانات!$B$3:$B$202,MATCH(95,$V$3:$V$202,0))&" "&INDEX(بيانات!$C$3:$C$202,MATCH(95,$V$3:$V$202,0)),"") | O100: =IFERROR(INDEX(بيانات!$H$3:$H$202,MATCH(95,$V$3:$V$202,0)),"") | S100: =IF(AND(بيانات!$B100<>"",بيانات!$G100="ذكر",بيانات!$H100<13),COUNTA($S$3:S100),"") | T100: =IF(AND(بيانات!$B100<>"",بيانات!$G100="أنثى",بيانات!$H100<13),COUNTA($T$3:T100),"") | U100: =IF(AND(بيانات!$B100<>"",بيانات!$G100="ذكر",بيانات!$H100>=13),COUNTA($U$3:U100),"") | V100: =IF(AND(بيانات!$B100<>"",بيانات!$G100="أنثى",بيانات!$H100>=13),COUNTA($V$3:V100),"")
...
